云南,F84FFE619392149018384D16BE6FF525,玫瑰花,09DB6116745DB44E190558AACDC9B4E6,2016-07-01
云南,F84FFE619392149018384D16BE6FF525,玫瑰花,09DB6116745DB44E190558AACDC9B4E6,2016-07-02
云南,F84FFE619392149018384D16BE6FF525,玫瑰花,09DB6116745DB44E190558AACDC9B4E6,2016-07-03
云南,F84FFE619392149018384D16BE6FF525,玫瑰花,09DB6116745DB44E190558AACDC9B4E6,2016-07-04
云南,F84FFE619392149018384D16BE6FF525,玫瑰花,09DB6116745DB44E190558AACDC9B4E6,2016-07-05
云南,F84FFE619392149018384D16BE6FF525,玫瑰花,09DB6116745DB44E190558AACDC9B4E6,2016-07-06
云南,F84FFE619392149018384D16BE6FF525,玫瑰花,09DB6116745DB44E190558AACDC9B4E6,2016-07-11
云南,F84FFE619392149018384D16BE6FF525,玫瑰花,09DB6116745DB44E190558AACDC9B4E6,2016-07-12
北京,2D9DC863133DC9BC81E8A059E714F381,水产,5C5AF2FA20666F0FC208E38E8AEBB941,2016-07-01
北京,2D9DC863133DC9BC81E8A059E714F381,水产,5C5AF2FA20666F0FC208E38E8AEBB941,2016-07-02
北京,2D9DC863133DC9BC81E8A059E714F381,水产,5C5AF2FA20666F0FC208E38E8AEBB941,2016-07-06
北京,2D9DC863133DC9BC81E8A059E714F381,水产,5C5AF2FA20666F0FC208E38E8AEBB941,2016-07-07
北京,2D9DC863133DC9BC81E8A059E714F381,水产,5C5AF2FA20666F0FC208E38E8AEBB941,2016-07-08
北京,2D9DC863133DC9BC81E8A059E714F381,水产,5C5AF2FA20666F0FC208E38E8AEBB941,2016-07-09
新疆,02AAD134CD776815520A00CDC36A61E1,蔬菜,B670CEF85F99777EF21712FB7DBEC04C,2016-07-04
新疆,02AAD134CD776815520A00CDC36A61E1,蔬菜,B670CEF85F99777EF21712FB7DBEC04C,2016-07-05
新疆,02AAD134CD776815520A00CDC36A61E1,蔬菜,B670CEF85F99777EF21712FB7DBEC04C,2016-07-06
新疆,02AAD134CD776815520A00CDC36A61E1,蔬菜,B670CEF85F99777EF21712FB7DBEC04C,2016-07-07
新疆,02AAD134CD776815520A00CDC36A61E1,蔬菜,B670CEF85F99777EF21712FB7DBEC04C,2016-07-08
新疆,02AAD134CD776815520A00CDC36A61E1,蔬菜,B670CEF85F99777EF21712FB7DBEC04C,2016-07-09
新疆,02AAD134CD776815520A00CDC36A61E1,蔬菜,B670CEF85F99777EF21712FB7DBEC04C,2016-07-10