02AAD134CD776815520A00CDC36A61E1,0
07BC056C83194D108DF9422EF241085A,1
093A6089003E7E21E4C63CED0D3EB679,2
0990D90A7A1D934425E574A946D525CB,3
1416A456DC1E0B96C442B86B2FE8858A,4
153BF134C475FB882D0666251F4AD698,5
18D5787383B20C1561EBB956BB151AE8,6
195E0C9BB7809C35B8131ACFF147A0A6,7
1E3586E82B75DFAAC37EA7FE4D8B1F19,8
1FBF8CBDAABDDF5725A30155EB32F93C,9
2029E905D377ABDF7AB0A3E0EA5FEC40,10
236C304AD8965CB264019205FB2CA491,11
2C924198326231F84C02DAD31522FA35,12
2D9DC863133DC9BC81E8A059E714F381,13
3013B031B1CE72FE1109A1ECFF9A96D9,14
31D831D03A02090839BF1076E31DC00E,15
3B5AB072233DF4976AB1E18A051DDD50,16
40F2E3CF1030795B7D02DAA7F7AADBB0,17
41326C2E78DC816BFF3B92F452D0F36B,18
4145B9D88E5BD88131B7D2AC120E8820,19
415D4028900B9ACBCD4C4EA769CCD6DB,20
428F6CEAA53FBA9F977F5F314D229D70,21
43BDC088F2A8C8D0522D170C6F04EDC1,22
46DF31DF4CF6EA019E4C5A92A58D9F88,23
4873BF4F947D27049C66225F630B355F,24
4A0234139A014A1DC38F4A5243106323,25
4A192F4DABF9EEB4E08B8F385906AD79,26
4BE8E6E6715EF99AA9333A0F08D58929,27
5261587C6B5E768AACFF8EB6B920CAD3,28
53740BC1D5041A8ED06E3DBBA320A907,29
5F30A9B77F22A84312EC2F6E05F32AA4,30
61F0A6B8D5235F80476D0EB4E9108769,31
64E23C75B6E9D14E0BE84A0CCAF53DCD,32
65193451020D8CDE57DF4109F9AC3F99,33
692D84B9871975D1ABFDB8084ADC995A,34
6FE086352020A9D6C42C93875AF9F105,35
7224C9107014E642493A5BA0CD338B42,36
78591698AE78006591C5BC0CA03FA2B1,37
78AB0507B22A693AEA82DC7C02EC483D,38
7F07FA012163DF34EC1E385DA214C86D,39
8318075908DAF9D5E59A32C31759696D,40
8869F029CA74D5E3F8D5AFB265ACA8A7,41
8A91F03322D8D2B06B4082946CE2509F,42
913FF4013DE6BD4153836D96887007F1,43
9175F23B4A288C4E737AC55D8F2E787B,44
95BEF909B00E02DFD5B8B75D0ADF4F9A,45
98BC62E412EC1A13A84144BBE26948AA,46
9BBDA88D4F8CF3900D90714CB115146A,47
A17472206419BF91512F492A39D6EF5B,48
A2006F6F9EBF0D8B328DA1DD87FC54FC,49
A38B50952CF1A2E39B120F40B9CD9021,50
A93E938E3AE319A867923F7759485B34,51
AFBCC05EDC6E7A778436E41BB04EF89B,52
B2344B535E6A16386E4767DEDF054145,53
B6B6856B45BD1EED8B6A01C1A3203D78,54
B6F1974041C35B1495AA3F048550BD47,55
BA503E4BE7971A9510AF5B3471433D28,56
BF82DD7BDC89CF4D6A6C74875AE8F54C,57
C3773686A3E111FED783DA7966A7ECAF,58
C754A49F6A3F1E8EC704D2EF142B3D78,59
C8831B357C1C803E0861BAFB9D7B57F2,60
CFF22955C0CF6671196860C836594E7D,61
D7FFC37A3449B5E6C7859E63DF9F11A6,62
DBC7E4EB1DF15BB374DB063F33DAD1D7,63
E51CE0117E64B046E731D8D6CE51D5A3,64
EAF87F6B439798AD612156123627A0CA,65
EF5995668E550FD40C0A6DBF34DFEB6E,66
F0E95DE7260D875F892228B9C0978E6D,67
F25C81C57ADCD0D1BD5B67DD624AF20D,68
F29BCC713BA020290134B3DF49C29F17,69
F5AC18348E12BAC425559567B398943B,70
F84FFE619392149018384D16BE6FF525,71
FBCEC38ABFEF9032473961A60D96FB68,72
FDF2C54D4934225697F366730C5C8436,73
FE2CEAE4FAF732A547536CD8C9024924,74
FE615EE9662530374E3C039106B2A98C,75
