00265FC68104E184FA55412B3018EA4F,0
002DFF1A88976EB3BACAD2269B4E516F,1
007C27659F96603DFF8699E5300D09C1,2
007DADBE1175766105B3317A82A04624,3
00C92EEC473CA106992686D820B0696E,4
00CE7ABF0DAE09EAC66866FF192D9BA4,5
011A95E98FDBFEC99AAF6AB96E07DBA8,6
011F1EFA3DCE4AC47BC831C8C7D4DD3B,7
01243354E6804B0D22A9854DC35DDB8E,8
0127EDA66F8ED87111BF321F5EE92C01,9
013A974A90F3F4E608FDE81DB6AA93C6,10
0146D68ADA143A13F3C58E35FF4C9302,11
01912E1F943548196E4AFF836B6482F8,12
01A5114857801DF869DEF49B34405B62,13
01AAF592A4E1ADC42C60E065F83B7F7E,14
01DB36FB8D06075CB38C6510C86FD045,15
01E15C3DD93256C95402845B25568FAF,16
01E56B6FB948BD9063F344D9CB99D1F0,17
020422E66624E852070FA0AE21C5D16C,18
020A7633D5A85EDDE6F05988DFF65E33,19
02173804DA69FA1BBAEF25C700992159,20
021A541B57F08662C598FF55F6A0D24F,21
024AD3C1BBA398BA0EC835043A385E20,22
02590A70E1338197E35F04FA44BC8363,23
029BE98F1A0086D02A4F2CF219922008,24
02D0FF703F5FD0EF9103617A9FD2CDBE,25
02FD89B0AAE1CB6D51D7AF9E1FD0B632,26
0346A6C6DB669FA4B94B561D8062BB32,27
03A0E8AB0FCCC0521B7DC03C8B2B2C6C,28
03B2C0FFE0AA053AEF542C5C292C9D45,29
03C160D40374133CCD94F164F100312E,30
04064149AB86E14B0B0E4409DDA21619,31
0424E995D7ABB50887A30ED9639A4FC8,32
043C6AA10196D8671860D9F1E21241C5,33
043EF588DD9A7A2FE686A2E30F89354D,34
0455D6149F450C26D2F79F829272B44A,35
04584E382E0741EB76625F743A8FAC0C,36
0464A4EBA3A62CEF4618983D60253D6B,37
0482FD2F4567EF6F7BDAB2AAD7E18DE5,38
0492E463961E13925C0731190B9F3DF7,39
049B8D4BC290D6D0E5135079608699F5,40
04CBFF115699AE483AF7B6E087EBB9CC,41
04D22F628520D66F8BBE67EFEFC53039,42
04DAB1180DA242EFB2BCC19F330236AC,43
0512CFD74A9C4F249E4B0FAAEBFA5E78,44
05234BB808C353F245D4C3A22E4D2A22,45
053F34E70ECED999371EA16E7092A030,46
0580DBA0B326BF147BE18680934E1B23,47
058834C58953C678A7F4152C89B3CB36,48
05B0A078350D8EE3A7B66603DC493853,49
05B1B3102BE250F2A6FADF800F8AD8B6,50
05B42DD1F628048A35BA93C6112B5F5E,51
05BCF5ED888AAD32BF66D9DE3BE83EA0,52
05CF059CCA6666C0CE02350E0FC8E5EC,53
05D8DDE341A5199A977AE132F3A5C3B8,54
05D9A4C487B14C23CF522C99B6671B11,55
05E485F095991C65163CD7095C6F34E8,56
05E633A7DB1D2E8690F45963BCFC9C76,57
05E7C2E75334E9F9289049037785068D,58
05ECA261E9820AEC9DD78172717E86C1,59
05FC3D5AD4A9B2CB85D890983EA16E7D,60
05FCCF241CDDF07DC252818012F18356,61
062FB90A7B2BB31D5E686670DC2F4B68,62
064DB0A931DDAC5924B27541BD3A1215,63
068D79E44D38C8167BE24B18876A2086,64
068DECF78FCD1CFD5E0E93DE58581FF0,65
06AF56D9F8E085D7CCB31B1D3C1D4486,66
06B972283A6F09BEF7DEBE7C349BC663,67
06C424425DDBB85B52C1B779991ABD1F,68
06C677B18A0B4625DB6C5A1B820499A5,69
06D12735BD0164C556C9AA332D1659C2,70
06D32E151106D31066C7893A10905531,71
06EA10CD28B590A050984B3274A63C9F,72
06F19A177ED1A43B3E43D794B05327AD,73
06F375BE624F58D2D9AAA4BEB158AE70,74
073AD5A51CCF1BC88DD7DAC43A4D0D4C,75
07533B174BA72687FDD63EB39FBE37F4,76
07550E99D47B21A336ABE747D09DDA7F,77
0757ED9694F8EAC844949CD044E8EEA0,78
076095B1B9B448BF166FEB8A0EF80E83,79
07679F3615830826D22F40957FB87A11,80
07943F9A8C956B6EF795FFAF8FD1FDA2,81
079D4272C13D520638455987C4D8EE8E,82
07A426C77236626271EDADD36D7362CA,83
07AA62815CBCC531B35D7389E22C0EB3,84
07DD4A01BC232C714EA1C82081466CFE,85
083BE87551F9343B8500A12E7FEDEEA8,86
085CB8C65A5DD35399F668B438F82356,87
088746ED60C0BF1A67F0C6F4BBB23E49,88
088A47DBDA9F8B7FC7611F54A2FDC86C,89
09051825305FD8192DBA43C93E7884B9,90
0907651BA80EEB50C569AE8B59E4A4AA,91
09155BD1E1532BFDC9743519C669BD3F,92
0925B55AD9882F9C415D31F32EFAD446,93
09421ACFDDA98D0B935124A3CC6A5B38,94
094BC62ED07583DB0EA2EE6CB5AB3C78,95
096C4F029BFC0461CB768AFF33FC966D,96
096C508884B35F755A16F6C8781A43B9,97
096E80F757B79A4C9FE90FD51703C835,98
09904380AFDE7C437F2602252355BF21,99
099218977A175C3025CE764A57EC80C4,100
09A73A82FF1A694B41E6511BC7124C1B,101
09DB6116745DB44E190558AACDC9B4E6,102
09E3AAC2885A4D26AD184C3454118918,103
09F1BD11B525BF9762410B96719125B5,104
0A132CBD2C96ACF8D78397BBC671E643,105
0A30D5AF7A4E24B01F57505B2D3C5754,106
0A5D3538E5F8B8B60E295CE95D94521F,107
0AD0ACB1812D4FA2FB6A16271E85EA19,108
0AF66AD9F00A91062AC0C3A7221ADF94,109
0B07B021DDA627B9AD8039B9FBAF8CC2,110
0B5182A12FEAD5CBD537F49396A46851,111
0B77F70E2659155925FDE12935431AFC,112
0BA85698FC7EB0BC2F5D3AC7F28D9CA2,113
0BA9B5EAA18FA13AF04679CA06396B92,114
0BAAC9DCA06C1D75E443675EBED4A0DF,115
0BB80D48250EC06120805C492B6CC8EE,116
0BE536046879448D42A2E01B1C18BBBF,117
0BF7CF12F9E6BFD3158672BF557A9F54,118
0BF9C70DD7C1D47116403ED187E01343,119
0C0601E1F566BD4B9382C0F7E72033F4,120
0C43F90DA090587DC352B67DAABD1790,121
0C63912C7F6775380A4AB1D78E8A3FD3,122
0C6852EC07F8138B86A660D9C52ADC8B,123
0C6916CB4E73C62569921A74EC05FBD5,124
0C81063C8DF08622220BB03532FFE0F4,125
0C8DC7B8B29608EB3743D7D78283A025,126
0CCAA1736C1FC55F56E8898A6A053E57,127
0CD03BF08B39CBF11789C702B104D5FC,128
0CD875C922F031E6BF4D8A0ED1CD55F8,129
0CEE7E4057F7F43089871A2EE169B637,130
0D00AC29768B8DBAB0200C742020C8B0,131
0D744264A45D81A060D4541C58001B69,132
0D7FDCC9C73ACD76C09469AC9D6AB097,133
0D98C74797E49D00BCC4C17C9D557A2B,134
0DB4117C5EFF9BE437CE75C5B80674FF,135
0DEA486EB3CF27C03DF40CD4A57561BB,136
0DF43B9AEF30D17A7FA7B9CFF6691086,137
0DFB791E2825BE289FE59551F84BECCE,138
0E112BB27346BD110CBF638941A13D38,139
0E191439CE5A6882BE3117635C39DC98,140
0E275547C8429DBE58965067C73ACD5C,141
0E2DDFE089B95167485E0EC8A2FB0247,142
0E3A688ADCC56646EA27434139040206,143
0E5854EEF6F6AD190CE04C14330D8C12,144
0E58896B1E490BEB472A0973A908F087,145
0EB50DB7DB4FA73CE0A7E374BCB437AA,146
0EBD9FE44649B9D86F905E90A926F0B7,147
0EE673F4E9DAD785248AA3C19712CC59,148
0EF42E580301B909466F585E437BD777,149
0F2BFA8794CC472A1CF7189C782D9F1B,150
0F3CC0767B06CECBDAFCE768E8F1EC03,151
0F3F5AA98EB56A5583771AD1A492180B,152
0F51F90CDD0D2925FFBBE8279FF2680C,153
0F6EF7348937C9C27E329D8F06D233AB,154
0F86736103CDC0A4770F38BBEF6BC218,155
0F8DA1B410963E61C32CF0BEED40BCDF,156
0FA1102674149953F9222962189D9218,157
0FB450DCA8664982E605EE5A923A418C,158
0FDC51CAAEB81B7490431423A4A18256,159
101F42A3344B92F5D243213F8F0CCDAD,160
1021613F3E640DBBAAFA130299CBD5EB,161
1021FC73CEAD6A479E30366021C80B59,162
103DD3B9A35737209B15D1C6F782802A,163
107E30241CB5715B6A85B2CBD1DBB488,164
108099E31BD90E1BC55F250E04DB9216,165
10897751E8AA8258910F731B34488E5C,166
108AB4AE3A69B0E168378A2B79D0FFAF,167
10A3AF12BCC15438B341A33FFB0AE584,168
10C8FCA775570FCA3D44E967CABC9BA7,169
10D63BD1A05F35281C04688F318CA255,170
10E0CC087FB08086B46991373C10D06A,171
10E177F82BECA2166788DC137EAA25F9,172
10FB72839675C145EA7722E7D8B5CF97,173
110B18BA32D66109A6621097DF5A5FD2,174
1127BD810169B03B7B2C211C62C82751,175
1138CF90BD1EEABA3F1BC584CFC6E30F,176
1141A5A26310FED2DC646EFEEA45CF77,177
1143F638C8D4E25BF09E0AD4048FC15B,178
11545B10C1CA75BD0B1C8443E428AF81,179
115872DE6F17FD2C48C7B9436A041D18,180
11852E54DC5B2F8B864C7CB62B2B2152,181
119C7B2A64EA3AF9C6859CFFA22353CA,182
11BADC05842BAF63307CBE3120608888,183
11C15B0A6A3AC9E8B3458BE84FCF66A7,184
11DC64732F52208640B918BB9AA3E3ED,185
11E60D14CFF5EFDA25B1AFD304D37255,186
1207F92AB8B8C691226676F3962E41D1,187
125D8A7CB077B10C8CA6B44466C308D8,188
127572BF1428A43A4AE51E3FA6DFC69B,189
128DB5F981DA85BE089D2AD2C6F4AD76,190
12A1E3904E756F9F8B7F6E8C504F304B,191
12A92AC4187E6664FBB606595749538A,192
12AEA485C40445DF622A3525DBD3B2C6,193
12C97B134B6B432CAADCF17FD8976CF2,194
12D50BDD05DF5767E975571B49F78B04,195
12F874BCDBCD58ADB721AAA60C86AFB7,196
12FAE9E635D34B032E0E91C15D5463D9,197
12FD36BC24BB451B5A6FBB2417B64B7D,198
131783FDD86F5CE5EB74D08884D99227,199
1321BA7C367038864291A5A29D920E50,200
13E46BA664B1C08D7DE1F013AD87932B,201
13E5DE508D82170A3500873D9416AEBD,202
1469412834840E77E167EBCA1CD22548,203
14732521041890D468F5A4E8DC19054C,204
147887610305FC887439476AE64B4D4C,205
14E4096D48166DB8FB8B147153483E19,206
14EB83155345E9E07B73C53BEE98E1D0,207
14ECA22DBA702075B0CF809D130AE4F5,208
14EE83962BF2669F946EC1A6103D4AD5,209
1518367C49624D5A82EBB6AFB6B3A052,210
151D51C32F3C60A6CB203D437694971A,211
151F2591D18C1B30C6EF60D60CEC77F8,212
15275F86D457B4D9E94B484C0DA571B4,213
1529B0D7BAE35517AFBED64ABFD1BE7C,214
154AD5155C2372FBCA88CA5EAA8FD7C3,215
156CA26AB024EEAE7DF6F305EA457D4E,216
1572F5C1B46F4CECCFA6D4437D835FAF,217
157E29E21AB5BA6B3BFC4D6AE0E09BC2,218
15D8E9ACCB20D4F38E93DD84B833E179,219
15FB0549336C71DBEC5774F444B709F1,220
162F0C26BB2BB340C4A8286A8AF07438,221
164E21ADA533ED723B2DAA2CC286CD24,222
165D6EEAF2782F26C2E52521EDD74858,223
166023E9B68519AC557E795647F4EB9C,224
16891CF279158A496B261571CF30EA9B,225
1690A418949665981A58F302D20CD4D7,226
16A8D87DCC9BDA76B68D2EC2B277955F,227
16C9B3178C4ADF637CCF797E33EB6864,228
16F126E8081B14E1D4222387BF45EDEE,229
16F51A8C273BC1A94C05CC9DA6F735E1,230
1712F76BC3711E1B71BADA47727AD9C9,231
171A03FEE565B5F82F13DBC2A9D50AB5,232
175B291A185349199BEE9BEDD6D32DDE,233
179BFF666BEC9AFA57395FE70B020BED,234
17B14EDB771A9FDE23E01E6EA275A8BC,235
17B778F4C46585AF9D0168D397381D6E,236
17D8BEE0B1BA08EFF50E921B41E66642,237
17FFB2891CC23E0C7139697967C43414,238
18203E0A4C11E94D536111A036A11436,239
183872F6A4E9692112A0480A9AEC4784,240
183F8A17DCA0CDFFE46F97F20319DD17,241
187EB47D61705F5DA629E4C5F75B503C,242
189045A387295BC962F8DCBA25DA7AC1,243
191C9677C3B07E41075E74BA9B73A950,244
195F2FAD5D28095D25E1A6D4B83ACCCB,245
19A4DDF53191266EEBCE7336EEFE269A,246
19A803C276A78F254CE2ECAE7D5D109F,247
19A9D78ABDFB6CD7D57646AB70B42280,248
19C41B6069FBE4B4296F7AD37686D21A,249
19D57C1362B34AA38B13E283982D8413,250
19DED6F0EB381A03EB0FFE6955533059,251
19EAE737F5D8635D02B15C555E8CCBA5,252
19F4860A2B3CB1551CBC5458009683B9,253
19FD2F21EDAD97B02A21C32ADD4DE57C,254
1A0758B794203B882F4F70FB8F037ACF,255
1A1B9D355D10169DE72D6960206AD871,256
1A3F82AE302BFF4E7FFB0DEFE1DD6A83,257
1A46E815C8E184016D897AFE1913DED5,258
1A5FDB35D911BFA043F5241202274AB8,259
1AC41F39846813F77E8452C28DD953B1,260
1AE88F691962E2B67EEBE1F5E4690C6E,261
1AEE73CA2B86CCF210E0762F271FBE11,262
1B3905C8BC07AE7EE9EA4C420089F821,263
1B3E3AB16B181FA134A965199A8780B2,264
1B43015A063C1CE71455CA8FCEFBBB57,265
1B4E8896EE062AE8F93E06B26ADF41B2,266
1B6C676487CE279C340C37CF702610DE,267
1B719A0A97C2EB053F963B4B596D6FF5,268
1B86DD4730160FA4A44BA5D53ED8F208,269
1B8B626C84DBCCA8F8DE42EFA53A9F40,270
1B9A3CC7A32725A6D411051636F38A81,271
1BB357A7E213316327D3B946268973D2,272
1BDCBE527CA6F8A462C752010C51F89E,273
1BE0DFA42B2BA374EFD5B2B94DAD6504,274
1BEA842628886C99375D0482274FDE38,275
1C0C4A3A54A291F4F3FEE7C8C77904BF,276
1C173C837882E4A435755601517B93C6,277
1C444DF69D9B7800D86535B742371FB5,278
1C584D7114905E66E5D244E90D0E7722,279
1C5F3F6AE7E0232791D9170A8125DD4D,280
1C682F90CC2D6C92DD47BDFA504AB58E,281
1C925581E0F637C1A33FA2F9003F8EC7,282
1C9F3DC532A4BC122C9FDAA7AA61BEEF,283
1CE6A218D31EE8862FEB9818528E0F1F,284
1CF2B8DA8E5F243FC71218780B560FF4,285
1D230C8D1AD2FA70BCD8382FC6C923F2,286
1D39BE8BBD1EF4AA993DA66B9597BBB2,287
1D5864DC1766F61FF9E06FF3BEF03443,288
1D5F127DEDACD5EEFF5BF020EE5F11C6,289
1D70A83810CFDD3D0E687FEDDC10B88D,290
1D732A8D8C3AD5618835EEDAAA2F688C,291
1D821C6284D8DBF2BC69B94C7AD5A719,292
1D9B7A95090945B6AC402F391F1E8A7F,293
1DAAD2B025B2DAD3BE10514EF72FFF6F,294
1DCA97A106736BD38183E601F032EBA6,295
1DCB5C55CF7A61F4DD0DE15B680679B0,296
1E27BA790A03605E55E08832815F7749,297
1E6D218614C245ABDC95C891EBF7D176,298
1EC3B652FB603D1F038D151E42BB258E,299
1ED54BF3AD7E83CC99EAB9197EC3C31E,300
1EEFACD7F2B0E94A93CB578ED2D6930A,301
1EF4C3E4661D641577142153C768ECDB,302
1EFF9E42E425FEC551BD6892C122892D,303
1F1272C24708A291783BD75E0B3D3D56,304
1F31F2C954727A14D25F576207913D24,305
1F42A0047655725560EEB667C02F16ED,306
1F4764780169639D2BFDA1687D373A8E,307
1F4C57B18F5EC685381717FC33F48FF2,308
1F92D1BF50E5C1A6AC3CC0A9FAB634C0,309
1FE14BAD4A84F7ED7DAEA55AD21FD720,310
1FED47A78CAB7095D3486E5A4340D645,311
1FF4877B577C1F1CAEBA9B2C79419076,312
1FFFE8BC2C40D88A177D8821DD9C539B,313
2027EF817D6677B8054A7BF489A0CEA5,314
20411C7424E1181124AA69438DE9675F,315
204574B83019156F722E85C778FA98D1,316
204A2EB0C351D68C995AF1181D7C48EF,317
20581FA853BB693F32C27F358D75A8A5,318
20B25CC1D33BE7DAD83138C9C726991D,319
20C741EA03A8F54369F3DD57BF93084B,320
20F20F4AA8087F494B9F5218D135EFEC,321
21018515111823065C4D1EE1ED5357D7,322
2115F9815342CF9F4CF734B12C7B050C,323
2116F469F571C4C2328704B27C58C09A,324
21367C4305DF46ED0888DC309BBD6FB2,325
21415B7E149A959A75B071746BAF2758,326
2155E9D49297241F85E2235770D8362C,327
215B7B02889B35B97D4F8123FDF3AC5E,328
215CB1776DFDE93F667344672A9C8AD2,329
216900589003FB07A649587CE0A78049,330
218B9E5C8A5403DA909FE78B06D8D695,331
218EA27EDF66AE4604E92E1B4724137D,332
2193D11249EFF58908B3EC4446AE837E,333
220B845680EFC9504F0E5D3F9F48FB0E,334
2236A314B46BAF206632BE257580D74E,335
227BE2E0227A9DC91DD2CEC9F409AD4D,336
2285F4636CCB9E7B9A6AC8174B5EE2FF,337
22D2163646E8C36E22735F80AE1EE8A3,338
22D25C3156C7F6D86C2CCDE83496B65B,339
22ECCDD00442AA43D88DC70E68740645,340
22FB80F46A79CEB8742077ADDA90F43A,341
2313C3E69E1AD85EDA56FD608E905276,342
2321EDCB026488B830DB6FF41517E40A,343
234CF0924C7457A02C3DEFBD22EABB77,344
23507705728FBC7FD70A14CF396ECAAF,345
235A78BAE0DD2AABD6F050F5CC92502B,346
23BBFEBAD4CB10E7BB2C21E974D2FEC8,347
23E66B668CEDBE2FD496E334DA583101,348
2409BBE124885A26D12F5F325AD9FFD7,349
242109D583D98DC270416680E60F185D,350
2466434C9C7B296AA242BA91DDFEE511,351
2482AD5AA65D0688491FCCA39D085068,352
24A1091F3B8B5BFF127214C6F1B4FB6F,353
24A316785606FD16CD4A3BA71A03C718,354
24CEB82B797BEE692800853290ACB424,355
24F7319CAD201AC5ED556C3CA0A313FD,356
2520FF4939C0F62D664C8E737A259B2C,357
2557B9D58DE9E2187346C53472F81CD3,358
255D3D6E2BF06F473A733A95DBA78513,359
25606A3C9ED1527544906F5049EFBBB8,360
2569B9091F3876E89E094AADAE20E2F3,361
257C6EB6475E14827B4C875DC5D41403,362
25B3A03A4F5C1C26A6C5ED764E5E51DC,363
25EBE2FDCF1250B16D4661A6D0E720E6,364
2627D2BF9F55E50DB7836795246A29A8,365
2633CBF29B5DC7FF6DE4DC01FAD6EED4,366
26502F79BA27213DB18D6DB87FA14B48,367
266EF8AF8F19F2F95A1EACE3F356DC1E,368
2680EEF1FF47A709DB14BA1567FE802D,369
26863F648BFB4EE2DD612F4D4FDE8591,370
2694F9998B35B27CF27BE828268FB82A,371
26A5434AB098292E017A4FDA12B47D32,372
26E116A478920CEFC1935B9DF41236FA,373
2711B89EFED1C1E2302C146FE957494D,374
271297F94D4BC250D0E99AE52C2119D7,375
2788411F73956519D7E5B20B5975BBB1,376
27944FD2BE15C2567AA422CFD7DFAE0F,377
279539F7E5F489B6EF3440D18692DEC7,378
27A059A5714BD984F3E24F522AE3F822,379
28145BA13E03FD5857A88EB66969ECED,380
282DDC8786105E805BDB959CBCEC1290,381
2852C1EEB8F1F206A4C0A45E93BB6F8A,382
287ED9E463AB9D2AEE0E2AC781A31A78,383
287F3EC45C89110FDA7CDAFB2DA2BC88,384
28A6A507D5A814FA9F6437BF3C3B627C,385
28C3454EEA86538B8F45B0F8F36F7C8A,386
28C9719D946B1640E7F124BEC0CA7D7A,387
28D8B66D35B5510E9B862C8505BEF13F,388
28F993757C80C2A2C4DDFF5A7B9280D2,389
29008E875A7AECE985E7ECAC1BA77D8E,390
292661CC23B9F44F488348C6DA0234C3,391
2973190C21AAD95E2501959F26B0948C,392
298CBFAF8672ABF6B549131197785D54,393
299931E4D303B91144036CC3ED3367AE,394
2A0B17935940628C1A39F21F12F96FDA,395
2A31C61781BAD84EC252FC746CD93CDF,396
2A36A664528793D1E32DD86C6D3E282D,397
2A46065FA3F0D80EFDCF510B5BE94196,398
2A56E4BCA605781CF16BD0BF7B4B41A6,399
2A6468251E00DCF6FFF99DAB8F3261E7,400
2A6E26D253AC3711D959AC458FAB0979,401
2A7C6B9A10795993FA33D978489D1C3F,402
2A863A9CAD8DE39E6350005BC3EE688E,403
2A99DA574F8BA51436AC44D27D3EB44A,404
2A9A6C534F9454443C2DE6A45A2246B0,405
2AB87EB37F660F5A1618A6DBB68F4236,406
2ADF24449BF5637C903672812F928363,407
2B301F61FD43FFEB98AA4545B4CEEC2E,408
2B460F75D1367AAED7F9B117EC1D08A1,409
2B5275400AC1D7953D30053D953B5492,410
2BC32AB2C01E7625963396BFFCFC77C2,411
2BD35F9A457985D56C9AE7C2A67BA0F3,412
2BE446577762BB6CEC8681F5E2D67D18,413
2C5580D7FD9D986C48B0752D2EAC9273,414
2C7051D36AD5D57A852D2E0784CEA8A3,415
2C892ED4E812D3DF6DE095F0FA5C890D,416
2CD41C9D0D7E3369E5DAE6D96E9365BE,417
2CDFFFDCECB6C15E8AA7AE62D0E6097D,418
2CF68C767A5703C6DA596239B02D40A4,419
2D22B0CD589FB0E78D419A1F12CB5138,420
2D36A2CA33708CFF5A907E510687F76D,421
2D46B3B5480FEC8318DFBCC617798624,422
2D5B4409BA107336D5341543653F32E6,423
2D80307432807F58FB0BA648D16EBCEC,424
2D848FDEC048FA1235E5202D27C5F547,425
2D994549C946ADDBADE8C96839F05C76,426
2DAA2DE3DE34643DA1C3FED810A2E9A3,427
2DCF1AC946894AABD8D63A6422DDC27E,428
2DE64897652B6983EFB47F37D6BC06FC,429
2DF3EF591D3D6F6F823884E48F74AAFF,430
2DF641D833DF138A3B6C21E42D676365,431
2E3C5C7B255238FC775333E0AD2FACDD,432
2E42C0A67706CCE26F1F5966700000C6,433
2ED3E0F635030D1EF4E084486F3ACCD9,434
2EE5FBA339CA7769FA5C1E43227A2B83,435
2EF952419721D9676D362BEA0335C56D,436
2F1AB38121AB53A1D231817F10A92858,437
2F48C38B80094EDB36B6DFFB73777FA3,438
2F579528C216757F1B690E3E47D06C8A,439
2F5EA4B35919DB39F54BEB926B23B267,440
2F91F14A09CC1005C53CFBC25C28E3D2,441
2FCC664C55B27AC6BBCCCA8CF12E37C2,442
2FD66B90BEBD5B6B0B76460423AD1E95,443
300DC672F8DF88F244873C9BD336014E,444
302D3D4969B69C9B04F06FDDFF8F6F44,445
306BF91B6FE6E4C826B3997F1FBAAB4D,446
306DD1ADFCE2734B31B1B3C7CDE36DB6,447
30722894EC83B6615CEF153F350786EF,448
3095E5912340CCC52C7EE94B46FF09F2,449
3134F5AFD70785B59BC47B9BBA09215F,450
313B68C3717671DDC4F0AC0008EC8FD2,451
3144B59EF4B783EBFFEB82FD71BB7E5A,452
3146EFA4D6072CB4C85281975B148FBD,453
318CE1159406297F0E371E4AEDA7E29D,454
31B6675042DC72DA54D3544C56A1BDFC,455
31D761AB03B78D930AE0C004A024CD74,456
31E0CDE6D9B5CCA9D4C1C62B1FB2DDFE,457
31EAC628B7C738B15D9E67047AB188D8,458
31F20BE698CDDC03205786A974A456CB,459
3255623AEFE3EAA64FE7F27AC8F42478,460
32899388064959434450887F73D0D34A,461
328E92E410615835891B8B52D3F90EEE,462
32C08C85242902BE3537E3F9D3A0392F,463
32DF20C35AB0EE8DD2BE124C35B2BA48,464
3314B98A0B41000373793B7FCD3E0DB5,465
333B1417A5142520143EB5307D7AD1F3,466
3345B37CAAD5D894A50A10324C28A51C,467
336B0A3D065BC75B7D4F097548DE4381,468
33AF9BA75038CEEF936C921B5A44A81B,469
33B4AF37E764E915C04D44262DCE0737,470
33B8288AFFB39FE9E011E044D8AA927B,471
33FF74347424BCF38F6C2AE8DD9014D9,472
34009785940ECF1EABF14CC7B04B05BD,473
342165B18F9ACD0BB51047EDD9F0547D,474
3461380C5D9FD6CE039C0ED2FA43BA2D,475
34914F0C0520583B593FEF41034F66EE,476
34D111637E7BE9D1A4487672AF97EF9F,477
34EACF86553DC6B7BA2F3D546686F35A,478
351FD3E5B2AB865B79BC566B4069E940,479
3536CEDADB094C9786E13536098A0C7F,480
35566690634A5D5B27CCB6717673FA9C,481
356DB60836A629FDB039F845A102D403,482
357B6FCEBC58E262DC67F8E5CE5ACA4D,483
3592A5F9E788CC3FD6EA6928A33FC720,484
35991DED55E5218C2090CDE8E567548F,485
3619B8E272DB05D8D2753AD2766161B0,486
3656E3FED379B90569AF9937FC95A377,487
367C38D34F0877E6E1CE8F6B2DB0A539,488
3685E86240A9B7A73515A1D999F403AA,489
36B2B07A12020C7E4E3F890AAB367842,490
36C789128192E4A638E69692B243C435,491
36DB27619DC30A6334D3F1C5B558C55E,492
36DCE863BB7E9BCBF5C33AB0C534479E,493
36DE11A884D1989E15AC7331237DDB22,494
371412C07AE192F1E5E0E49F62615C9B,495
371A4B90B8D0F1A8A8E03E03E8991329,496
37288A3019BE754B1DF53193452AE1E7,497
3735DE98B504FBFA35402E519FDD291D,498
378D645843DB858890A2B4A4DE8B0A46,499
37E03DB3FC2BF3C2F2B3B7BE9B633C3F,500
37F339737B8210EE431963769702C3A0,501
37FE47266B98C9E498AC114F8D48DC64,502
3803F567D29626C2C0545CE30ADA02D5,503
3815F5EF35F8884851FDF0185CC0187B,504
381F264171E7F67FF9DD8753AF85765F,505
382275420EC04F6CC7C07636E57C10D2,506
3840579D1BEC42B98568EF11B6435676,507
386F3B4965F567A7BD394229ADE624CD,508
38769594AB7F542112E991AAB98618B8,509
388B98FA4DF44D2860EE8AC3D6EF713B,510
388BF37F2327A4288F6F8294C9AB928F,511
388D5E5C5AA748C2BA1221A32CB233EB,512
38902729103054AC586D04494EE11696,513
38D70A423E115C254E3F2F9A84BFAF3B,514
3934CAB8AF679DFABE0563E0601792C5,515
3946BD75FA8BC26D0D74B8BED3841D49,516
396A2B3C3010D12D86A48ACAEBCD1971,517
3980FBE3F872660E2957505A5C960494,518
39A5D5AAB9B16FD6B3CBBB5519980D3E,519
39B88FCDFE107099F61D9BED4ACDDF0F,520
39C4F0F6CE32E562659BCDBA7C86EC7E,521
39F4D9F3EFF63C81C78BBAFBEA57E453,522
3A23483B39F3A44A409BEE812EF9C771,523
3A299ED8D14E373AF1E6C28589684612,524
3A4FC9D8B1B68E65E412188217761C13,525
3A8DC92C85204FB35F874EB4E065423D,526
3A9912C814CBBAEFB8561541154BECA6,527
3A9C5370D91D63A8069A47EEEED4E88E,528
3AB1B159E6D5FBC59736C88BBFDB7EA5,529
3AF79DF8A4F50099F2A4AD5D7F3FA3F4,530
3B6D438087003A1635F05D9F14031043,531
3B8C891FF3516DEBCACA2431F213558F,532
3B9A96634CCB255D8E5146276C30F5EE,533
3BAB5CBC4AC32CF9628CB46F2965674C,534
3BEA552D157D20FDC2EADDF54AF45E7D,535
3C1309BB6142C31B58AC7B853050B62B,536
3C2D32FD4A175EAD56C19687E7EDE06A,537
3C2F504893E0AC0AA99BDBB3AAD70B23,538
3C5979DAABCFEDEDF2068126252E5BC9,539
3C5A3693681AF2DD36D18A29D9EF9CDF,540
3C8BB57DD833979945E4093DC362FD87,541
3CD47C9C0E06B87D9892CB54670608CE,542
3CE364F561F239BA21E6A11E807FADBE,543
3D1081661C8CC9081137E465BED9635E,544
3D24751164F3FDCE599624894D5D11EB,545
3D270535F7C21D0EF837EEA19FE35ED1,546
3D57155D97597AC42D7622B916E71DCF,547
3D583782F8F7CF6339AC553A5C6AD4AE,548
3D67798BEC4DF0B588E25E9B2027BC6C,549
3D86A5EFACFA4CA92A1F050F1AC486B0,550
3D874E364039103CD7FFCF8937892FAE,551
3DB2B8CE46B6592F4E1B0DBA66E4CF5B,552
3DC46EA5AD5FAA56AF6C2EC88217C9F7,553
3DC5388D50AB9BA900ECF4D357D7FDC7,554
3E0E45ECDD52843D41C487FBB7BEF094,555
3E41D9D4C0D4E9A96262271E65E7646C,556
3E471D24C3CC1903F757A236367F145B,557
3E80211C95CAFA4816F05C29E7F6DADD,558
3EA7EFC430E748DDC8986213D268D631,559
3ECC8A6858C7298A7414E94D55C1681D,560
3F27F2437B5121F0B7EC681BF3BDF68E,561
3F5EDA789326E3E50F819D290236D0FE,562
3F73EB4D64ED7DEACC7402C3F403B104,563
3FA0509FAFC3F2B6D529A9B3BFD14AD5,564
3FA4100AE71CDA8B6CD7AB49BE5E2F21,565
3FCA1D86427B879E82004C35A2A489AC,566
3FE633DD2EF1DFA6578F59542F3E6E58,567
3FF067F0AD03832F6D48CA85BC94E1D1,568
400A02FDA8704CD196CF85FA8685B31D,569
40147E042D7326EE74CBF15297400253,570
401FD1B8F69663B566B7E6A0035FF850,571
4051FFF86E0A1368EC44E44348B3DC97,572
408F9620601F78F8BA6DA377BC01D440,573
409EF1F13B116A9D613711BE36EDF7C7,574
40AC16BC2BD661181F3940E020C12D67,575
40CFEEC9E5B87DE0E431132D3F11D6F9,576
40E305F36C4C928241BEE03B8E89D123,577
41323D188498869B1F447DF1F1F713A6,578
41B7098F637A0E05E3E68BAE2990B8F5,579
41FB6B40DBF14FB63A00D450E6D63602,580
41FCC2E9A270294E8B6EFFB0F732C56A,581
422C34928011845A6DA13D062E1D67AA,582
42403D197497B0E7F15046E126672C93,583
4249C57CD9318031D92549FC9AA2C9EA,584
425296631EF55F546A9021014B71168C,585
425B593EA68D5A6A1FC7391046AB858B,586
42616F36765D72080B8722405ECBD884,587
42780506C6D7FA53978663298C165930,588
427BAA73BD3D384FF704D4E13BF01EB5,589
429B5BA2A1C6E28D7530DE3B4EFD853F,590
42C2960CC0CFA78E3788132DE0187FF4,591
42D4F241360812AAD1FACD987CE6E201,592
42E320922FC35B389210FF26432F8D6B,593
42E5D5374140BAAC66F7448BF0D56B37,594
42ED3D3CF425A3C57EDA5096C5784626,595
4314D75AF95179E7A1A252B88DEF4603,596
4316454642D1D44B188D3F5A7394514C,597
432C77651BDE916280066ACA0CF3A166,598
43B4451C6FC94C2D777FE940C7460233,599
43CA647433C1B841A10524BCD07EED51,600
43D39165C42464F5B909E4A5D13F2EC5,601
43FE1AF53B596F999212AC456F67EF35,602
440DFA78EBDDF1AC8E965296F07B94E5,603
4494618564665B45EB17BC0FDAA48237,604
4494E1A7653E3B1B8C3FFEB5F9AEBDD0,605
44A2E600DC728791A0A1955A6FE58FBF,606
44AB971DBB0ADDFB35BCD99B9D6B9583,607
44B595663D0D3813F424F34EC537BF34,608
44C790855768231F1284F98D32F12D3E,609
44DE81C12AD821EF551CA0BFE6ED3319,610
450C4DD8B08A75AD4CA3CFFF57E6C9E0,611
451518D98D779850624F490CEFA700C1,612
451A1695F82C3EDF04D9F353D072AF28,613
45819FD5942F3F4FDA64D66703DBFED4,614
45B56C98FB10D738E7E0CFBDFDC8D620,615
45CD792D8271465D265A03F89E069116,616
45F07585AE3C790BE05E57455196BF3A,617
45FA471D6C4FB517B640C87F81756620,618
4612EC425983B8756D397FCC794C2EF9,619
4623E9EB956A460C2DBDD9CCD486F1F0,620
462632C60AF3C6E0E86891403C5D944B,621
46282ECEE8EA0604D51E7393F8479AC5,622
46406FBEAD9F4F14B0694DF4353CED0C,623
46536CA873DFBC54B371884EE6D0426D,624
4661DA691C6359DC7CB9C19A2AEA819A,625
46C2FCE254C74B03296E8899B265154F,626
46DC7C3283971B77EDC08C50D61DECB8,627
46E48B689B933D32F6ABDB0CE2C56E0E,628
46E72C7F73853DE9F03EB8B651928A72,629
472B0AA53B38480B97D45EA13CECF4EF,630
479EAF2E0D86A83534C5C0C44FECAF3C,631
47B4F3A48119C9568703DCF32DCC982B,632
47ED0854CEC1B8464C4098BA9A522317,633
47EE63C91D5BBF066356304CF66F131F,634
480C9FDEDE742C1031B80AEEB9DC9058,635
481C4D1D8BCC6C100BB3D7BB9B074F6F,636
483AD3760B71B14EB86CE807FD17405F,637
483E846ABD1315ABFAA97315B01EF781,638
483F1564F316A2E9AB330EFF499EBA80,639
485AB824F9AE45060D0112F12D29C490,640
485BDDB433CB645036786B1D1ABC32BD,641
48708C2F73A93AE20EB8A396D269241E,642
4879C7D9B93E4561CA35C08A4411AF35,643
4893BB57E599C1E5972EF53E17D3E9C7,644
48A618FBBF9C4462A438305A57131C33,645
48ABF7510832F0AFDA2A921C28F96212,646
48EC6DD999F5CE7AC7314B7BCA8A19A2,647
492F6870A0FE425B908701CF7674E07D,648
494A3EDB6BCA6F67FE1426B8C6165549,649
496EB136AFC8CFF995D51B6D2D19C187,650
4993E606341AD31BABCE44DC75682B52,651
49959B4B009F5827041FACD9DA8218E8,652
49CD30E1F0746953D5CBCDFEE1F987DD,653
49D35CECF9F6DA39ACD7FC0C4E4280FD,654
4A15C960690A0335BD14EDECD6FE6095,655
4A32434F56706B02BC24A1A9F615B1FF,656
4A39486762EA71A63B59FF60143B177F,657
4A4163FF40627FB7838F25D9C4D66EE4,658
4A57869B75293BD16DF63EFB480A79AF,659
4A5BDB88B0E7ADE00AA3DA43AB518732,660
4A9FAA4596EA3225E6886DEF2EF8D6A2,661
4ABC033583BCC6780DCAF6167F00F25E,662
4ADEEF7643DD5BBDA9BEDDA2DECC4471,663
4AE118B1346FE164578FCF61140DBE76,664
4AEAF317B1A3AA17E486F1C0D8AA5C59,665
4AF4A6A74196AEB63F8F23055C8ED12D,666
4AF82DDCD5E1BAAA063E23C7655D58B2,667
4B3A93C1BD9E96022DBB219D4CAF4753,668
4B4F26D9962C4426FDEA62DD5DF5F0EC,669
4B5D354C485AD33F53BC8F354FA40CE5,670
4B9F86E8EEC5DE7F9E1FC9337E3620B7,671
4BB0EDD1A891A49AC63FE0C26C75A7EC,672
4BB73AE62A93723D5A5CAFEE8AA35B14,673
4BD8C826D4B198C8C1996FD9F5355033,674
4BDFC7DE03BF7BE24DE0B373A3F386D1,675
4BE3C8055BBA8D119BD04484D2797A09,676
4C0D661058ABE44D57FC486B29862C88,677
4C16854A6F9F0944F11BC490D4891883,678
4C1C29E5BBFA192C0D4F2313476542D9,679
4C1DA71CDCBC9F07CA0704AE36551EBB,680
4C26115D84F43A3B185EFB699D3586B4,681
4C5ACBA2583C7B51DAD313E3BD8BB990,682
4C5E64413285BF6F56B144C7CA8C725D,683
4C9935B27837224806F022856791D40F,684
4CA008B43B06DF90C4BBF783443A53F1,685
4CC972C351D9B7BF3BE595A40ABBE116,686
4CD002EE95094A64815311C5A77D42B8,687
4CF657429A689860ACA99DFD014D1C71,688
4D963D5F6D20260D170E232B47DF1898,689
4DD56C0A021D1C7791AE894793BB1044,690
4E00C84311F3DA8120495E40C9E2BBFA,691
4E7FC648E90CC4844FC191F49A1669EA,692
4E85166064F7D4BEA36A03E8A6607C73,693
4E90EE6918396E8F4C2B37843D2DD578,694
4E9244F80EDC513D36B1A50EA6194A69,695
4EE41796041672720852E8FAD29C67E2,696
4EF604E5CA1BF10AAB2C27D586132064,697
4EFEE784A5069F3441B6A7ECCC9ABC2B,698
4F06664A9E3BCB9E3EC2DC5DDF596AC8,699
4F0FE25BFAFC1004E43E9F5982FF334A,700
4F16B25E509C1776FD2F8E90C3F99DAE,701
4F7A46F938E1E7F7E93B8F7B0E82D309,702
4F95E930E2304F6C3C595E585DC15612,703
4FA60F30838594CD2C5A8AEEF132509E,704
4FCFE65D45878E6954D23983B4C8100C,705
4FDA714226BD7CF9565FF56ECDE31788,706
4FE20D1F453EF8709EA7DECA7FB12E2B,707
500F083C677ADC165A8F45C0F6E6EEB3,708
505D3E9CEDE1C963B5E0089F15D675BC,709
506BFC0502AB2604A42272AC2A138FE4,710
5081F8E452846E1D6FF84177D967B757,711
50866AFAA889F2D7EA92AB8DF48E1ACE,712
509F4A0D391AB9174C285F84DEB34C71,713
50C607AC957C06C636C31F53271DCCA0,714
50CAEB9B562FD0B1F70C2BEB5E1D1A80,715
514B28C6D7C437A7F4285015E96F8825,716
515040CC7549D5CB6F38B55323B17BB4,717
5155AA358A422E8D2E66F955C0AC2DF8,718
5169D0E6141674F48F7A25EB4746BC38,719
5170302C680731C1DBD648CBB0BF2022,720
518ACC5D437D2A102FC3728A4B20D6E4,721
51B045C84B55C4C33C70D3EC03F3A68C,722
51C9BADB1501CF697543ABF67C4BC0E8,723
51E3F3FEB80A2E759A791638B6E20EE6,724
51EEBEF80FE3AD414A555AB6087DC5AD,725
520F0FC01C24F009464DA357052B8BCC,726
521C644A3828D2ABBDA1C53CDB234FC6,727
5239C200DF22DED6B706E03FA5A36C2C,728
525F96E65577B6FDB70DD114D279EB02,729
529A596BE4A2864338A62C672B969335,730
52B56F694BCA1D7EA28E78B0FCC86D76,731
52B9776F450503A50D523B74B4A91563,732
52FD17570ED35FEE4B5E33F8ECC01D9C,733
534C650F1725506DA76EC255755177F2,734
534CF0887EFF700FBC9FBE3020426B33,735
5388ECF03E63C9A2C0F5BA964F710092,736
538F6D2117BDAFDBF6203BD1E818ACFC,737
53B15E32C3C27E20901ADCC076B55E97,738
53B3297C63AF3EDA35FF4090643D254F,739
53D068F504CFE466F65A27333640C632,740
53DC4DD3A59E36FE8BA7A95A28FD4655,741
54094502FCB71A632F28F8A6D5697664,742
545277F09BD6971A229DC2C5BDAB8C9A,743
5459253B3B425E2C876DB52CEE75AF0C,744
547B95D70C1F10DAE3E4E46CFCAF2316,745
54AA149162EF6830B8390DC4339240C3,746
54B4A10C3B570DE1B52A5B563695C4D7,747
54CDC32A937574F83351174872958006,748
550A971AA01208A93858AF5F7B465DE8,749
552CD2C91A20DA48CD8FE41F7F02AFE3,750
557C38DB24E74803364D2339600ABFD6,751
5581329C966876E066B0145B84091E3B,752
55B1B929EEEDD184FFDC81A284FE0768,753
55D92F0D9B0510A35EDE5EAC7172525B,754
562161F07ABE3F5C827F9DEB23A8922D,755
564DBBA34B3B5F0BB9820D90EF9B0641,756
56617548E96250B0C2F2D66A046DAD56,757
568F91380D65B0946B2A79575789B401,758
569589FA3A25F63DA42DED061FBBD7DD,759
56A43DDB0BF53021EBD92543D3B81453,760
56ABA42B4D37D3AC051AF8D2207F135D,761
56C041C1D2553604261B2BF0B7499974,762
56E79CB2E45D7CD65DED8B5DE2B8F15B,763
56E8B88D6804B0BD197655D69A7032EC,764
56F4EA1D4399317130E4177ED9397BF5,765
56F568FD9F9AFED3F93E3D5F84211188,766
56FD45712EAC9493DAC22F62529A1248,767
570E2F0121A0CEF75EB529AC4CE2780C,768
571C4D3C50312404D3C82B8DC02E2805,769
57303BC98E9519ED82F781CB4B61739D,770
57338745A228DC16409C42BEED700646,771
577154349FB1DBC600354C2CC9CA747A,772
5778D33602D866FFA0CCE05DA8B752F8,773
57A5EDFCD1817740E31A01DEA4A8BE14,774
57A6B3A10C992CA873CA22A0C9E138EA,775
57C9F753D9508A0ECA0EE8B6A352EB82,776
57CDC1A6DD89A8E286A2DC9CA861DE0F,777
57F06D627122C489A0AE9C7EE3370DB1,778
57F28988A381A8BF25917EE6DCC955BF,779
580035780CED9C5956F853A44477EA9B,780
584AC81131BBC1DEDC49E03973406C80,781
5850613E15818A08E10A291796A226A7,782
587EEB6FB5512A51350B9B7079857334,783
58836B2963668AAAFB50639528314DAF,784
58837FC5AE7959E075062702C6B098FD,785
58981F00D85915B28B4762782EAAA920,786
58AD76C582CA39B51329CBBFC881E473,787
58C8EF8F394F0F107B2DBC7A41910221,788
592513E0A273EC603006564AEB3518C7,789
592ED8AA0A5B261A90C336096E8ACD84,790
594D48DF8CA9CC1EAB34A978A8F0C3C3,791
5956D57A9642F7BE009C3D973F8E0930,792
595D484F0BF7538721E37808EB0031BC,793
5964790259363584557BC3A2E653E3D8,794
5979DDC27049A70EE273CB9DF6693ADF,795
59809683CDCB7EAD78847AADBDDFC92A,796
59850DB5BFABAD31C6E91592DF1DAE55,797
59B02718B5967821729EAD4E82EFC50F,798
59B37044542090C8D8C463485253B3E6,799
59B378DC3F5E4CCC9FC6A57A78624AD9,800
59DD254B68FB4F122F94EB5EFFBFB8D3,801
59FD0B23702FE745F703D248CB7F398D,802
5A151B65C9422EABE52224A1FB08A4A4,803
5A2F703089BD3DD650C35035F44E9CC4,804
5A3013380F6D7FAAED97DE738EFE4C67,805
5A3A05BFEEA373A55FECA2AD2F4129A9,806
5A5DB6C99A9B2384E44FACFB67C68BE6,807
5A73274BF0870345CA1C69066E74FD0A,808
5AC83D81AF24D039FA6DF9CCA52483C4,809
5ACC177F62AACBDFDCC2E911D30EB485,810
5AF1B64016868E47B17305960A448C66,811
5B1A123D5F7BA0D1B59A213C67F4E0A6,812
5B34F5A1227BDECD9857285F4AD65F5F,813
5B4759240436E564FF22A702E67E0BCC,814
5B8349D7E594A17D9C8D3D92A6C83875,815
5BABA943323B2E29E166E2F18183E2AD,816
5BBE75E6E48F879C700B44C18E107947,817
5BD991238CB07CE3CB92401B9E03060A,818
5BE5FCF2CFF6E9BC42C1D78DC866CA6B,819
5BED51161E6DA76EFA28A88FB8B7E741,820
5C241A776097202927FC363DFAAEBA15,821
5C5AF2FA20666F0FC208E38E8AEBB941,822
5C693346F394A3F7C93F5273701D6604,823
5CA12348B3805626C40C2E181482D03A,824
5CAB74770632DC303D44E0CE434585BD,825
5CE43B2BA5347CDFCEA0118FF8747064,826
5DDA5013C615D9C9D04BE79DE87BC086,827
5E0CB63A28D060666E38F5417E1FC534,828
5E0E010FAE984928C924329532F56348,829
5E305BE754C05B1902B25279D2BDD96B,830
5E44016ED845B16D7E0FA09A60D61929,831
5E740A3CC590179BAFDAFA486EEDDF90,832
5E90B68CBDF36E4C6C57508E12B95D43,833
5EFD2241B5F09DD9F5EAD4D2BCD2F658,834
5F1E28D3C2FF0C7C0A2CBFDCEAC84924,835
5F4929C2C82BF4902D0667760D652BCC,836
5F55E309F65BE900328CA5600F40E421,837
5F5D897770DEA7CD62B2B87F43D34358,838
5F8401C69E9D979E1E0F59E982FC2B46,839
5FB87139334DC7A0E71BB504AA626C95,840
5FDEE5A68B5FBD618121BDC278B7F21E,841
60131866C29D5B714256BE6F9FE37CB5,842
6015AB3D965E6358F7509499B0347380,843
601B0A307A937D2E0D62813B11B1E42C,844
602B63FBE445AD284C66F16C95E569BB,845
6049CA5BE80F1205491957A8EE3C7BAA,846
6063F1B8C2DC35732196D8E53010C648,847
6068D73EA002DFB3DCE9476EEE5B1A08,848
60AD1EA9A66A99F08CC199E64A06CBF3,849
60BA901F37DF74CF222CF7318A18A5B2,850
60BD71393ED4DF2435D9D3731821093E,851
60C4EC3FA26557A2424CE099CFAF0C4B,852
60DED428EB6E8C49C7D8CF83FBD5045F,853
60E6F6A9A7BC991F6377099A8FD903C4,854
61122261EFF02C95E865ABC34DA62EAC,855
611296FCCF2C06D66C1958A8F56BB5F7,856
615626E64027EB247A93B5919EC733B4,857
61804330040581BA26AFB4E494BCE765,858
618BECB019CDD4FFC01EAA6C80179F3F,859
61ADCE7365D2639B047206D09D916E5C,860
61CFEFEA574EDA8A0DF51D182ADDC12D,861
61F76F980CF420CAADBEA7B549D77B5D,862
6204BBB2173B4744523502AEDD439589,863
6228FA612A28004ECE38584CCD2FF01F,864
623E0B9FEBDCA9FF9DCF728C4B321A66,865
624C116E8C2693EEE241FE2754990390,866
624FE5111295102D2AEDC76CE187B456,867
625659E0338D0253E343BBB7D1E7DF8D,868
625D11CC8D0AD63B567A687CADBCB441,869
62690DA4243265D731401066C10628EC,870
6296E2F55DBA9E776D9E5F88AE217BD0,871
62A6FC98F8FDFB94A9D6727260A9B00D,872
62C08F0A9DEDF46F0003624402D02C43,873
62C2086B03A4C00654922DF56FEEFA4A,874
62EE747807724D45B3E8B5039B243A65,875
62F3AC19A4E0254D1156A259F321305A,876
631F7F9C036F5210F53F37C5582736CB,877
633A30A000CAD3DB7621B24D1322BA6C,878
635F0E486D35BB2A5FF6E05E9E13DAA2,879
636A13BD13C5BA9C23F74722219F1E9F,880
637FAE7C373BFB114ABFA5CAFEEA929A,881
639C238028CA7A3D2D6EFD459F1B170C,882
63C67B68BC257BC14C10CCD094AC440D,883
63CD317E6263CAACB9166D4E8F32A880,884
642DAFB624B61755A6F39145BC2AD5F4,885
643D9E9C0FD72728F36608FD2349F52A,886
6447FE210A267B345AF9246965C31271,887
64631F375ACBE2E6A4E3610237D22A8C,888
648D74778FCB2491E5E9F65648BA866A,889
648FFA6586BBEAFCB6C0CA9E64AA31BA,890
6498A150F92D5135485D83B53C976D8E,891
64C5FF9628C3E9C2B706C58E97DF8E14,892
64E5785C6004407DD2C405F1ADC22030,893
64FF90265E3EEBB0A9EB3C06CFE7D816,894
651497C8C123D213587FD67EB383C9E7,895
652F93352C5626DA23EAE77FA5663B6B,896
658C0CF464FD8CDE156143CD2AB63875,897
658D872244466AC1CC0F3284C3FAA1FC,898
65B86B1F4CC4759B6BDC850D508CAF7E,899
65D193BD7FBCDFA8DEF1B787C29AB0B8,900
65D25F7F16A50B8D72DB76C77506B35D,901
65DC0B5B3CFA55294E365DAC2EDC4D62,902
660F5785B188B104518232570A030542,903
664F7664EAEF5CC75FB64ABC79A263D0,904
6698BB8FCF4D71BA07250E102E5B4A33,905
66B964267DB5EFFD00CEDFBF4B0491A6,906
66DA055335701FEE00F4D9D72017AE6E,907
66F72FC789A4EBF0FA52CF315F303F24,908
6713EA56540F48163E8D4A6725436F63,909
67468E1D60A229683B1AB8611783829A,910
6781282AFA871543A9C023EA8C6A8D54,911
67916596B791562A0ECCFDD84FBEE30D,912
67972B3AEF3591523BBB980C69CB51CF,913
67F717F53232E5C1319F919F94BE6067,914
67FCB570A93A9367BFEC1A518F52819B,915
6818623031B234D28B786F242D4CE5A2,916
6828E2789DEE4BA4DCB6493C72FAA00F,917
68431B5E3EDAFCFE96AE392CB7777FC8,918
684547ED9867C6952F3F9346EF96F673,919
685B3BB925EEEEC3125912C2B6FB87D0,920
68B0004B36CF2269D77448D205B27D9F,921
68B49C34FCC4CACD0A0C1390AF9BF854,922
68B8011EA2086651B881DBBC9AE6E2E9,923
68BD48A1C233C8618C4F8F33465E7B70,924
68C4499E8C73137A5976809C27274F7D,925
68CCB3B74DF4B2D2CDD9AE96420AEE90,926
68FEC5479D5232024A6ED0BF1D5DE766,927
691385DA65D4F4687F42A0812A76F1C6,928
69594AFAE63A3E6C6AF795932B76D842,929
6973649DE0C3699CC458F5F0395EB6B2,930
6995477DE3183FFFCC02432A98C3B155,931
6996C01C60F3367B4260F14C32F9F10C,932
699BCDE7CDDF38710BD29469B43D46A5,933
69A400D4CCEB1E211EB1D8195A1389B9,934
69CDE9D691F8DAA7E21362125EE0A634,935
69E68179D4E3C183A0EB32C1BFA97E91,936
69F38611A1AAB6DC011C2C27FAA3B6AC,937
69F88C2D9720C326A83D725B5018C67A,938
6A1BFD08CE10BE017BB4F1A1462E8DDF,939
6A6DAEAB181D696BA4A66F187DF4D15C,940
6A7FA00320B595E5D9985E141DD436D9,941
6A8740501A2EAB4EFBD1125637EFBE63,942
6A899DC6DFFDFB3A85AE6C9103C60A45,943
6A9C9B86F2AA3FC9B3CA648D3862897A,944
6AACB123BBCFFCAA9A1C50AB3BD028BE,945
6B5ED2EDA42A4D8E13F943673916E5D3,946
6B99C537CF562EC55F8C0AD4EBA9479E,947
6B9E5DD4879D5370EF48EDBC3964C8CA,948
6BB6DCB368D83B466C783BF75E896222,949
6BD494AAFBC4CC6710E8EDD3B0E660A9,950
6BDFE0AF87EBE9AF1CE9CDFFA85920F9,951
6C34B2FCA0426E58D72965F1BE3C93EE,952
6C46CD7CDBCC22001AEC5A0C2C6B4E4A,953
6C5499026E1607F7751F2A2D0FF40EB3,954
6C5B22DE3538570D27A629FDFEE34ACB,955
6C7324AF5E2ADC485EA4FC19F46535E0,956
6C9DC92447B2513B6FD8B12984DA7F82,957
6CA35C319A84895316C73468724F1103,958
6CF87D53063E5ADBC1474E9DAA6AD17C,959
6D0500B2200DD561513E0B626730FD5B,960
6D063B028AAF76F40CA3469A6EC42E48,961
6D0E68F4F35C062364456585DEBDC051,962
6D1189FF0D4441B1B0B5E126B7EBB7C9,963
6D152D39E01B45F73FDBEE7BEC207C6A,964
6D3C75E07C65A22D59E9822F1354DCFE,965
6D60493ECAB2D651CBF0556FF0FB75BF,966
6DA3A02185C4D46C2F58230AC649AD62,967
6DB8A93D9B35B5928E543F6C9CC60CA0,968
6DBC3A7B3324E84D3D6140DB7B14563A,969
6DCC4B68CA980DC2F9B9874789551949,970
6DE7B8C947413B3E132401677583AF42,971
6E4D220D0210E78E38EA4B360E2C2A4C,972
6E5FE75524E9C62BEB769CDAF2070546,973
6E9054BFA4E2000D353379743E6030A9,974
6E97B41BD5606C18CF1A3B716610AE51,975
6EACC1C12BADC7F2BF18B08495A6E198,976
6EB0B28526F2F7479F90CF82DB11FE05,977
6ECB271F4DAA3165693902B8B0337FBB,978
6ECC92A1536BDC958D5FD57C20485EEB,979
6EFDDB0B93B93FA2E0F153C45E550AB0,980
6F019B963C905335CA6E311B1060E8EE,981
6F1101F24D0FA5F5616D57729171EAD9,982
6F20DE8DA81E3DEC50865028BAC9F7CD,983
6F2852F1FA397C646E0D3636F12DD7A4,984
6FBA82B736140B5363305555529D9353,985
6FCA77E1B5842F85B4F845D16AC0B2E5,986
7013836BE0017C764279E94AB08BBBF8,987
708944577DACEF58317CF28F08BE51F4,988
70BDA96463A075289C30BF26311F9FE7,989
70CE3F32B7A126EE8D8CEB4F73E2B4B0,990
70D83A0BB9FEF853F007F71AA6CB1FD9,991
70D9D83ACC31DD7CFDE5522D1B216A06,992
70ED809BFA8B5B1C9BC77EF588C4F60B,993
70FAC8E7E88C43E854F6904C07274EC3,994
711029648B575D39845C57C3F7BD8C3B,995
711C97C4B0AB9F7F4C6F7B1B0E80E7CD,996
71287BB792DB2AD0F583615EAA4BF785,997
714034FD30A35366E4658C8BD4EBA02A,998
7150D17C8397C515DFB2C9BB091DD58E,999
7172B860F5C8ED439BE60AEE7E826813,1000
7178628C7711FD83598CC02A914F6452,1001
718A5669F8C5FC1DF04C01474C43C669,1002
71ACAF26D037A7984D68670D04973EF7,1003
71B9391F8C716F9EEAA9D9ABEC75E6E7,1004
71CBC7ABFB9427735199822624E94A2B,1005
71CD703FF2E0FA9C4543C4134ACC9FCB,1006
71CDE77F5418757B5DB5728B2EB19A9E,1007
71ED836E4FC93789F95F7E8A853AD74B,1008
723ACE7EF9ADFB8FF69DE28BC0881BB9,1009
7253C8074655F2FEE2AE9212667E58B9,1010
727C44AEF6962380DF788C80333A6EED,1011
72D3099DD5CEE0ECC687A35428653970,1012
7329F136C50CF21470D138E6E3A75041,1013
7363B8AF645D0BCB73F3AEA0F04363D0,1014
7399E5D4C0DFBECDBEBC80B4C141E6E3,1015
739CC4C9C8E0E14B1EA4C27CF144650F,1016
73F2F065D61F715762DEDE391FD02EBC,1017
743833BFD14DDB412E395F565422B36C,1018
743D142A7A9003E32C69B83F14C88266,1019
745010B77ACA10C5D0041C9E968A3873,1020
745ADBAA1DB5A3EEE7A78C950A914C09,1021
74A40FF02D4DFE46F0A8B9A90A890DAF,1022
74B95C2F8FC594A3AAF2CDB5CEBC497A,1023
74C9227D95C45856683C457BBCD04D90,1024
74DD3340D23D8AD40611C1702C6A6F20,1025
7514A2EA273F44B4BDCDD88A5CA0E020,1026
754DF8068E866E27AE2D2D720B424787,1027
755B4F239730370259007BC326430818,1028
75AD14A914219192764D2DCBACC44AC4,1029
7618FB295CC00CAC3ED32CE8AD1D13ED,1030
762E0932F1CFFEB52ECA6AC26B33B607,1031
763476725BF0E6659A169B69D4BC1D52,1032
7694B95E35000C3B5FD1728BE45842A4,1033
769C696F491DC1B05C8F6BA671976503,1034
76AAF665FEB018B809D82C3BEE8DC88C,1035
76B1DEA04755F13A36B95EFD0F63DEC4,1036
76CCF9A2D89418669B647B736C60509C,1037
76D5E08A67D2CC8697EC47F0B50E6A5E,1038
76E134D35D67930B989DEA332EF860D3,1039
76E3F9742C1BD01A0914034D1425964C,1040
76F7DDFEAB8CA8CF344BECB9BFEFA08B,1041
7731C87749728B2EABA90372E3133EA5,1042
7734A71A60E64ED77A1E3E6A8B15DCF1,1043
773A561D4A612D280D1669A8DE05BCE1,1044
7740DE415562D5832DBDF34ACA41A20D,1045
7745C69E7D3EF96CD72D3540B0D00324,1046
77570417782A8F78FD508936A230041C,1047
776240187EE6000E0B7D54888D6D90B2,1048
77706FBC07EF0D5C2313102D94D2AB59,1049
7771972EA40629822D6B334CC4FED7BB,1050
7776A1A19B84FE415B3D4D2908C1E19B,1051
77EF7C7EAFB4D14DD7F6620987FAB503,1052
782EEC3F79EE22CF119F2235457272BB,1053
7847781F7A3F9B525CC6DB8A2838F90F,1054
788452C242F3263643167D605842983D,1055
788A7AF5CE0C48FF8AAEBBAE166AF2DC,1056
789628CCFE90DE4398A85FB62F85C5C6,1057
78A7EE69E9B0ECE1347DC1211D14D620,1058
78B41E0FE81C605226381B7F7089E668,1059
78EA834A65D88A5F6AD13A81B8857BC3,1060
78EE19809081DF809EF9D8CEFF9FE389,1061
78F7666A2D5B31F2626DBD21DC42BF42,1062
795CDEA506AECEE9656DD2F56581AC67,1063
79CA5989FE9082FC2FAF16F698183641,1064
79DF18372E0CBF83FAD4079CEA896D34,1065
79E5B022D95EC6F7748C608114C58A64,1066
79F3FBC6B304B656A67C631E25B4F798,1067
7A156A28CF5FF4EE5C4941E869A0A037,1068
7A18FF314A4E0CC41D2E1D5DFD0542DF,1069
7A1C7C491F045B71083E60E82EBC921B,1070
7A59FC3541E73505673CB6BC631F75DF,1071
7A7627A45EA8B93912088CF24E164C6B,1072
7A96F704A9A879A1B919930B5A699E73,1073
7B13EC3E3478C81847F88DDBDAF543C0,1074
7B146759D5701F20DE48782CE5381447,1075
7B3F74D49434B6588E5A456FEB2A89A2,1076
7B46775B1DCA323150BFA5F9753D5670,1077
7B73579E87A856D1ED83DA2F4F6ECF9E,1078
7B74770C2943124938EEABA08738F9F6,1079
7C04E5BF42561865E3E7A4463B1B16DA,1080
7C4301BB85C61F8ABD284D1F89EFF0CA,1081
7C88082D079C8A8F67E3F63F54731CA6,1082
7C939E427C3A5D41D09B0D206AE4E84B,1083
7CC7E79C2AE831FB3E02BD334DDB64BC,1084
7CCC7A75939CA7E0E4FBC656CA035FE1,1085
7CEC9EFC56041B99B988893AF08F877B,1086
7D3CCDA040CDE960AF8453E518476F0F,1087
7D55E33ED2362318FA3F57256722351D,1088
7D5F885524AC162B9929E7AD84BC892C,1089
7D9B64099A39A5A9748086C85E040FD4,1090
7DE28E091BF07B4CADAD922F1A0CF132,1091
7DEBB214110D5804113E1E996BA63CCA,1092
7E193A2A83104E197EB9F2A7A8260C2B,1093
7E2F6E771BAE37B64516A13BF8BC4DC8,1094
7E3EA9EC7FC84EE45B6609844B9210E9,1095
7E578347EC103272791F57A40605501B,1096
7E5AEF0EF4BED7CA5196B503D984B421,1097
7E714D645E1787A921D3CFF91F0B9925,1098
7EBB9DC91CFCEF4CC88B9CEE4AEF1DC7,1099
7EFD1665E82E458804E931841DEF7014,1100
7F03B51786ED46A144F7F0017477CB49,1101
7F35D956B4CBA30196F3CFC65A0C0B51,1102
7F43AEF373699CB3C73BD82FA29874D6,1103
7F44D91908C76BEF164C8C992B62C65C,1104
7F46EBBCDAD6472833F99EF017684C49,1105
7F4913CB072CA847B60B984B677162C3,1106
7F59919DB88A2207B49208E2F4448DFA,1107
7FA5AB46ABBCC4B667F8CC989A59BE54,1108
7FAFDB70BEA801281551EBF2DB40A814,1109
7FC4C18CEDF8EE1B9C31BBC6CE6F286B,1110
800FC1824E1ABA66A58F6A143D167B42,1111
8032CAE489A8FBB758D73DC7329BFACC,1112
804443E6F2FDCC8163C5F3305298BD0E,1113
8056AC29B3C88F672EC5A301D2F3E02E,1114
80BE53063A4E7C34E8C302123BA1559B,1115
80CF15CABB91A275898D7F5ED574D19D,1116
80F18D656AAE02C32CF8D753404DFBF5,1117
81257988CA827D5D8619B3FC3D64F0D9,1118
81372719C516796D626FD13284A9330A,1119
81A848458E73CBC3282ECDF2DD8548A5,1120
81BBC5DA8FAF83FC7D5F23C7F9CD5DE7,1121
81BD5E81FA3C95151E13C77AE0A3ABDA,1122
81C15A2041DF45874A0A84781C458135,1123
81CF3BFBE7CEE7B3B48F5FE0631D7929,1124
81F46C097F5319B21EF14B52EA11090B,1125
8213E427492E5F12DA2ADEA31FCA7889,1126
821B4A9960CD9BCAC9011139FD848909,1127
822D740E46E6549A4441409D6D9989CF,1128
8240124B5112D4018ECCAADF116F4948,1129
82512FAF65D7278DE653AD79675F1EAA,1130
827D78F28A7B9B23D8C79469CB43B4E0,1131
82B9003AE8D1753D5129168B7E189FBA,1132
82E3E8AA8A835BE957F1461232457B46,1133
82EFAAC3742593C731D11E3B2D4B72CC,1134
82F056E1F3605AE1195A87BD264C3C44,1135
82FF85B8139AA39E764BC6B51618C4D1,1136
834A5B4AC03360CC669686F5F2449093,1137
83696CBD97E3A87BECD757B75D58544F,1138
8375439EEA7264825E1D3B1640A6BCB0,1139
83E05F9269B2446DBC779F86331FF3EB,1140
83E6BBFC68EEB53236CFECBF0858680B,1141
83F13BEDB3FC746859587F8ACB6EB571,1142
841E0B2896CD19303100C3C1E21D43FF,1143
843368486C54A318DDCB0FBBBE5C7A64,1144
843D3FC23F72F259F228C48F785672AB,1145
84601ED9846B383B9A28994F12CF692E,1146
84633B6D6F00E53D9B41FEBB80EA69EE,1147
848B82FD0CBC879A940BDB0F93E22028,1148
849AD6A99A32510058868AADD5922689,1149
84A0FB03592BF24994E492B0641321D8,1150
84A627B153BF2DCF4E6835A93347A762,1151
84CE41286597D1720EA9921313931151,1152
84F8892408A3FF535D76D0057941B82A,1153
8544BD21DF036960ABF0F0F7B69F7D01,1154
854DFCB1FB4F9768E206D8CB7CA27DFF,1155
8559BC26F9BD85616D12B22BF5E6498C,1156
85773DC63967FD33089DC6C1F3BE06CB,1157
85C38ABFBD3061ED0E0BED5F33A8DDD6,1158
85C471DF938B6DDDF58201DB5CA74811,1159
85CF7C4EBC88BA83C97C9E6F6408AD65,1160
85E13F7F8354E70D4DC9A468FFED55C5,1161
8609BEBB0B0E287AD3FEE44757203E97,1162
8640257B63EEF5B181439A8573A0F3E1,1163
866D9D2F73D008D17726AC6E2546E2A6,1164
8671AB3085DE304DD15FB79122444686,1165
8684A469CAA9924D9E7F848F52545C1D,1166
869B6024B72497BFF89672C560807990,1167
869F79637A92D1CFE8873795AA25C9A4,1168
87177A81717392C25A163900FFBCBAF0,1169
8726F345C59CBF2DBDDA97DCE68DCB1D,1170
8739290BDCCDCA58EADA1930F8CAB67E,1171
873BA74E7A351C907D3FE1747795C167,1172
874C5FEFA79D81575C784F363665155A,1173
87707749EAAF9F7F5154002082005170,1174
878B62352DFAFBA7E2E5C42D4268A4C3,1175
879C172C57BF3B2E86719FB7324E3CE1,1176
87D226F5496B8BD1704A0BD066C2DC35,1177
87EC2F0969C83057A4929FE179C5944F,1178
880B9460958A6B0F08564B7D97205D3A,1179
8819E8A1560D1D955CA336C6B7749547,1180
8838568B5A42A07CE21CB94DC1F479FA,1181
887AF1BC7DBF9CFA55A8CF39FF2E5745,1182
888D85D6E3669D3BE81B6E6A3D0DD856,1183
88A36BDFA5690E9E14DF7BEF2B98D5F3,1184
88CD4E14A9C0A8EFCB486775FC5DB572,1185
88D85593B4812828191B0DCA5F03070D,1186
88D94D5A239A9AE5F221E21C1BEB7E7F,1187
88F51E9F1DB3412BED94BE05D27BF8C0,1188
893A6DC02BD056C3326E620349E6709A,1189
8940E253B6BEF02D45930D1CA06CE79E,1190
8960853BF1E1BDE0C0D93F981D428072,1191
896DAEF073B40C791B154D7D1D3DBFF0,1192
898F9509540634B01F3337F5FF940B08,1193
89D00B635BED5E2CE893CB8AA6A06287,1194
89D844B97299BDC0BE582F94DF282D38,1195
89F407AE1216A4CD59AC8D3F6B766F50,1196
89F5779802B38B8233848FEE5092A42F,1197
8A087024189DD885CC52DAD35B384D32,1198
8A168D6B4DCEDD69455EACD0D5C287D0,1199
8A251E5E432CDCB9DF6CC6BFAB0758F4,1200
8A452F2DD6C879AFAED428B891932EEE,1201
8A5664D0EE8CD8053727EC875765C80C,1202
8A609FCA25C99F9F8F305BA8EE356CA3,1203
8A6A2758602E6CC57B28219C66340AA3,1204
8A6EBA92ABEDFE0FC98A194F90A7CAAA,1205
8A87854191A721655E7F8A4790EF020F,1206
8AAA99C7BF4F5A7D33BED73BB49CF44D,1207
8AAD54D6F6EFBF0B247BCD82C17DC776,1208
8AD19FFA427E13B1CE99C69CD5FB412C,1209
8AF7FB522539DED7B25DADAFC3F020DC,1210
8B0CA97F5AEE9531EDD1B0293B790C41,1211
8B0DEDC2186F8E13B14EFBCBD3D32CDE,1212
8B25185554702A261B6D0F617730A0FC,1213
8B2D64A908DEAD0F0DF237A7F191E55C,1214
8B4DD1A22D0C1BCA20BECCF9DCA4AF38,1215
8B5428275A768DAEB7CFD053DBD79060,1216
8B65783E8202AD0FD13BD7D621209CA3,1217
8B66FDD609A080732C1FC13F198D5E25,1218
8B6ADE50D8D4009B7EAE67777E81CA53,1219
8B96606C7668DB61B77F34EB96BC1B4D,1220
8BC2D96ED28A912A800E323F2EEA253C,1221
8C01655D013CEEE8729A699885DEA17E,1222
8C3D68B668A530D424232E7BB3CAB847,1223
8C79F73867A4FB538E8F9A9080CD4503,1224
8C99B0522E24C929B71DE2BDCD43EC28,1225
8C9E01B5C713FBA3C3E9F19C1F1A7676,1226
8CA1F96B12937164BC27A6F373226605,1227
8CD9333C1AE0A530F1165FD77AF2BFE7,1228
8D29E0DADC655838D03630747832457A,1229
8D580BA8DBC15D680C54B8F861304538,1230
8D6C2140C8444ED57DACCA3172DFB7B6,1231
8D77CB951D85BCB396D17CE164A16C7B,1232
8D7CB66CFDE0E0F5D5C2797F49AED937,1233
8D8BF8F88CD4F4466A933C4AF723843A,1234
8DA3A4B3C14B8EAC6E3593B9618BC4EF,1235
8DDD6CD09F4CC815F8CE32DB1F6F2EB8,1236
8DE458AA80C57BEEF4EE540C2BBF23DD,1237
8E8AB45FA659A5FE9EEDC7229FA58F56,1238
8E9D516CB16776E07EC408DAB364BCA9,1239
8EBFE2D169BBCC2F1F052318E83B4514,1240
8EC5810D0C8DE4437127E6448E77B87F,1241
8ED309F67357D7EB941A2BA1EAC07569,1242
8ED90CC43E9D9D0F9959D604DD880DB1,1243
8EE50D319E6532783FAB7847EA78FEF6,1244
8F1E87953D8C252DCC0FE1BA623466CF,1245
8F3529C1B459F8AB459C5A7DEC96FDC0,1246
8F4B7455718381ECDCD22FF42B63BB1C,1247
8F4E9ECBD714E13E5DAFFEA5172D1BD2,1248
8F5E79E369D7399E58B72E301C50C038,1249
8F6FADD7B087C80E1544CB84F3657AA4,1250
8F7926667AE713EBA86DCA350B4D1D37,1251
8FAB48A3C522CF03CF7350498291C038,1252
8FAD5CCCBA2D510C0D60F54B31788362,1253
8FC220037212BF4CBBBCC593C0B52D22,1254
8FD731B4CB85251BFC26B71F87D51497,1255
8FDEC89F652E9CE4218DFDE46C363E23,1256
8FFF04FC811EB2A9017D0470594B74A0,1257
900DF97353FE97F9009EFB2F6BE6C1B5,1258
90269A2B7C6E4D03F5EAB41000B8267E,1259
9036648DE7940DABF3212B050AC1B222,1260
9099D2F2844405E5C11721DB927F0AE7,1261
90D77545284C7644D6CE8410883C0FD0,1262
90E759BAD0DA500C114646ED136F1536,1263
9124672D4CD727681FD54B454F5D4B62,1264
91617567EACD6E67D0B2763B4DD5341A,1265
917615533F4FC4EE05A2E1573C12402B,1266
91A25FBB86E54FF0E695026562B5F977,1267
9213C6FC891F6D5E5E17039ECB360F98,1268
92259E349369C99A42C2568B5F4FF6ED,1269
9243BBAE777A78D8F644C99716104296,1270
92769E42329E29E810DA3CB05707BCDF,1271
927C0D9D1E8584F496CA89DD5241A479,1272
92F2E92B76DFED9F4B7DD1656E4B4858,1273
92FD1EAB41636B1638A1FE205AB7E96C,1274
932AB9AFDBDD85A70872F0B7773E620C,1275
937780ED2E691A04BD73A31BB0B38171,1276
939E9AB86239CE2B981C182288D333BA,1277
9453C98F8157F8859978DD4D2467092E,1278
946227887E63D3877C7697EFA7D9125A,1279
947C6485516C39773DD362A7F168C545,1280
948C7E502F97454246C91EEC9B3DF8D1,1281
94BB657E4FF4D7F5F512DA898ABE7056,1282
94BE40374E8F928AFCC588C51E189FE7,1283
94CDE577320AA0AFA75F50A7FAFE30C0,1284
94F6ACFFF3211D6590FAE82C333D3ED9,1285
9510DDC3AEE56DF43ACAEAA463FF7E2C,1286
95122FCE0E49ED0939284C847F38FBC4,1287
95156EA1D15BCAE543818747A4054EDF,1288
954B0934F7DD44BD2D0A5F21277C2A71,1289
9561AF847F89575DBB4AAF1EB94576DA,1290
9589B45D7D9B95CC63A77FD68486C7A9,1291
958B241CF326ACB079FA726A4D87C103,1292
95D4B1EEF225A12C01BAA27000D89931,1293
95D4D2EB18BD0543685A486C2F82540D,1294
95ED89CF5AAFF3435254148C930BA559,1295
95FCD747FFFB750D8EE7C4EB297DE27B,1296
95FEA40D25F3A4AC88CD267FD652B83C,1297
961CC88B3ACC7A775BD59BACBB7D71A4,1298
969103D0FF2AAF1D27E5F390F5471A81,1299
96C0C8D9B457ED19CDBB569015236CF2,1300
97010CEBE976BD7256A30E8033084E41,1301
970D1CCD83A5C4D9D97E2CC956985F9A,1302
973D825C12BFBFF31442B6661D7F6A1A,1303
9795CC8F3E9B43CE64C47955F41C05C1,1304
97D7C0A72B63142B77A8609AA77FD642,1305
9837F3854BB974BB267C8DAE2BCB6D9B,1306
98418BF7CEDE864617842A99A56387F3,1307
985709B4A8F1A1BCC13D5EB117CDF124,1308
98985951C02DEB048E51A29D8C3F1F51,1309
98B7D3E9DA4085521420703465C6A5AA,1310
98C66DB806828EB5B09BED9976FE435A,1311
98DAD4C65C1324D5CDF6C585F5F1DF94,1312
98F3B1B83084754217FA98160033D284,1313
990BBFCB49F1F01E81C0D1CF00DE4590,1314
990BF63C001D598F95A21D5BB0EB1933,1315
9913720CBDA7884AB5282F665081427F,1316
9955EA7DE6E46B6FCAFE2720FD97A0E8,1317
998C1B0F65EBA25889D872B36D3AA4C1,1318
99B06410EB13A25C01D760126FC5D167,1319
99C5F6B00FE2334967B780399DE2DA7D,1320
99D94D2F808D40726EE9D030369246AF,1321
99DDF632CCD28F53A1A27D0BB45EFDF0,1322
9A23139ED4AB04EA761C802936B57DC3,1323
9A4372DE30B4EA8469A71EA3EB6920AB,1324
9A4E58361B06A213AC9500D8A0E0EDE2,1325
9A76B77EE85FCE384346557DDEEFDE72,1326
9A878A23C2ED6258EAFEF570ED92A242,1327
9ABC2C8B480405C91455BE688DB82D91,1328
9ABEF08FA486088B478D942B2E25CBF6,1329
9B06982F62C4D5FF865BC5EA2255ECC3,1330
9B439293E745E0FA60496CA39612FF4E,1331
9B93FE7C46F09A5427B79CD2889AE1E2,1332
9BA0FAB68B84D065889CC42075E89419,1333
9BE04FE0444A4D40FE2C318B9231C430,1334
9C2DAE1A6A864EDE3C94093CD94621CB,1335
9C2E10611913616A9EC6B2975E92BD1A,1336
9CC9B5A46C342CB3A85F0234C0F0EF4F,1337
9D08DB5F71C2A4DB0A7502C376E64EE1,1338
9D208CDDD7CEB13FE796E42C4477D15C,1339
9D2F8A454121159052700413AD58219A,1340
9D309CC444EAB56CFD309CED7443673B,1341
9D3CDEFAEB1AE9F6961AD58587C37727,1342
9D44058B927A492BD117AD26A6D59D3B,1343
9D4658610881E5EC2262BD22F298C652,1344
9D56A85D4308CCCDF6CF005718076A46,1345
9D598FC1B13D8BC193CEBBE7473234AE,1346
9D6D01FF5A8B2E7A32835C562867AC5B,1347
9D7207AB00BD5271711BE959CA9CBED9,1348
9D75A774889F193C4A9B950270E1D36F,1349
9D7917F4194F0ACEE58041E4878FD793,1350
9DAFF4F8788DA8740A81CD347ECA7A8A,1351
9DC942C518865FA8F85D245737A381DC,1352
9DD2817D0F4FF2DF0D1F0AF73A3BAFBC,1353
9E200BA37BCA5F907365AD2BAB9DE0B3,1354
9E2476EE1EF62CB5E41DB0630037567C,1355
9E2F7FD43870BB4C37EE82450DF2494D,1356
9E4301C7E67762C702A466BA28422663,1357
9E61D319F51FF169F40D0A95E043C676,1358
9E8E0318425E24FA7B030887CA1FAA79,1359
9E94EDC14A70A6D34406E2DC0BCF23F5,1360
9E9B12731E0E86BE39ABBF5908533839,1361
9EB4220F03E3B17088206F44FC2C66BE,1362
9EF25EED794C96777F5D5870F1090153,1363
9F05BEC65CC4BAED933D602213E1CA17,1364
9F0686B743CD321977D3D422629ABDFE,1365
9F0FB3BFAF1DF70B4FBEFF8278E0A683,1366
9F1B8D2D4F659FA17B33BAC463A09674,1367
9F319B9AACE2C8779143E1F52EE08929,1368
9F4228A4A1BFC36E244597242DB5A356,1369
9F61184031C73836C533453C44CF230E,1370
9F7CAFBDB520D1C3B18CB37AF8268E38,1371
9FABF2093EC485754BCCA2E513205297,1372
9FBE418FF5E8BD07AA5D9CF3EF9FE274,1373
9FCDB1840526959A0F5DFA813E2D3176,1374
A01218349188DD173925BF6BBA15451B,1375
A0734715DD63A9AD8F0596EDB618F39B,1376
A07516A2DD5E5F662D89B7D7FC0FE0D8,1377
A0849E43759DB4EBA573CE44752872A8,1378
A08F005C5B218D701A67108D320B7082,1379
A0A1A7CF8D2696D758CA9980AAD5940B,1380
A0AF39ABBA04FC69C8B324FB3706A29A,1381
A0B5D3DDD06D95ED21E6411B78B25F40,1382
A0CB702980D209B4C8A48002DD6B1F70,1383
A0F213C2D17AD6DB93C0E11362E683C1,1384
A0FA790361308650A50343FD33F13C07,1385
A10E7DE350133295959277F2804709DD,1386
A12655DEB82DBD0AD41B15AFF954C4DC,1387
A13C76B7C5B7378B92F0AF31714764C9,1388
A16000471DC1F086533A1FFE735FD041,1389
A16658E1D3F2EF2EF0BA7167A588C2B4,1390
A16E225D2F9C496E0F58CA734F3501CC,1391
A16FEBB3292EF8ED1368DB07A9488D0B,1392
A1A68B7506BA4366935E1E485DD5605B,1393
A1ABCB55F53C5FAC73D9441FAE88812C,1394
A1CE658BE7D4B5EF6933F52488E76C81,1395
A1EAAB26BC1F6EF27DAF680D8739FE8F,1396
A25F47B7D1F12C56CD2800F62466F145,1397
A263C5A1051A906612A0E3ABCD61FEEB,1398
A26FD1D1FF5385345E8DEA362C49356B,1399
A28A961F5146355733F4EF55AF92A457,1400
A28F37945CE7922074065CAEA55B787E,1401
A29ED694DDB56C6FD336B1CC31BA6569,1402
A2F13283FDEE0A1297E22AE67CB92770,1403
A2F671E0D04B2EA8275E3CCD75B22FC7,1404
A318E7D43B327E64449B0B057294D55F,1405
A33D8BCFF073D94EBBD242F6B3DB8277,1406
A34028B1F8C00B3F81CEA247F553FC16,1407
A37D807ED5776379D86687CC35995B1C,1408
A39DFBA001E9E9600DD57F917297C888,1409
A3AB53507687312B39B44C5E311866D1,1410
A3C5503ED4DDD2C6CF62F94B42C77023,1411
A3DEF19A94E1E8D6CDEE9398CDC4E5C9,1412
A3E5ABD4F1067E2278A60E9395DDD341,1413
A3F4601CA9C1A53AAB35F9B7C9730B1E,1414
A42F6FA967B775BFB1CF5072BE83303A,1415
A436965B6B43F6C317F12042FB4A0969,1416
A43E3FD0D29CA4E844404FC41E9EF671,1417
A4548B94D1E7CD73DF55B2179557D15D,1418
A49C64C7796222EB75596B63D20CFE59,1419
A4B27A4F2C77570FBD61962339E7F048,1420
A4C7A9C87EC4842C24B9DCF1F82BE29A,1421
A4CAF872D8339199B8C64747720F4059,1422
A50BF7DDB38C432BFB9C96F2BD72CC7B,1423
A50EB174383EC55B282AEFA89C07781E,1424
A533DB3BB12C9D490E55316575C72F13,1425
A546F03E786FFB7B58FE3B7B6F7A1181,1426
A558B7808A44A39BBDBE6C43AE53DC58,1427
A59C30204A7955C1EEB2D1B740220BC9,1428
A5D47E5197B6AE3AB52DEA58CB64D123,1429
A65E68EF7A79C8892CCABBB4D6B18CB1,1430
A66315CFE978B59ADE37CF2C775ACFB9,1431
A67CFD3D10249117A7DB6271C8CB083A,1432
A6D8DAE06BE9573548BCA6B70834E382,1433
A6EE72B6B46B1A5090900C7FE9FBFF2E,1434
A73B39BFE9A928D0DDBA9AB6B8DFFA8E,1435
A73DCC813AE75EECE2F14FF9F61E3DEA,1436
A757443D87E7EC4FF204AD6C1115C8AD,1437
A7577FC357923A02227D3342CE823183,1438
A761CDD86F59ECD791B69B350449778B,1439
A77A825786DA326D4FC5E69FA2BD4F0E,1440
A79342DD4342405EC2784AA7B2322AB6,1441
A79B3ABDAD20507C7F928845A8532BE6,1442
A7B66185DD0BE71739475873B46B1EB6,1443
A7FA2AF6CE9532244A3663C558D506D1,1444
A827B36A6D78636FDB07434756CD7EC4,1445
A82DD3135F7EE730EB5F7D987412165B,1446
A831B7E1CAC431D3ED1B828002269031,1447
A86BFB759ABD210BCB50899BFE3CD959,1448
A8744E79D7A82D716796E6E0F7910CCD,1449
A955B678445B34EE0C18636CC8D43F7E,1450
A95AE9F6B12AE1DF09AB8A5F3F837967,1451
A96AB3D9CC56AD2DEF0CE858A4F7BB15,1452
A99A2665A4059460F9FDC30734476A5D,1453
A9D4F55D2A42A859357361EC95647D66,1454
A9E036F69AF5C2418333FFB07BBC696A,1455
A9FFD5C7EC4E75D0F42621FB462DAD6A,1456
AA0F0B91D95397C030364D07B06D5F17,1457
AA38DD823311D355866CE42C009D50BA,1458
AA7A9F3D616F46A034D580D4CE1C6F44,1459
AAAA84122AEFC101CA09AA9304FF74C4,1460
AAE6391982BDB4B8BE03EFFE34D72237,1461
AB0FD2D82D90FA95F271052CC66E05FD,1462
AB1C2E84B4CD52D21BAE22A35C0BC569,1463
AB7BE4DA7D1B8AEF2D962C8990A19D5A,1464
ABA12E355D8C17F0CA7F413F4F574F62,1465
ABA44AC26B1BEAA3BAA8059015822586,1466
ABB4C18C1203A6101C1D83DECDA98C82,1467
ABB9404E2B132736FEBA62B8EB74591E,1468
ABC968948AAD04B6C45A785C0C027009,1469
ABCD2A57600E3FA6A1E425D7B9ADD0E2,1470
ABE800F437826E94106708204308210A,1471
AC0ADA834A6C91ABA2CB77FBC85C5AC8,1472
AC0BF45C7329586BC87C46A209011465,1473
AC26A7CF84B9FD16A325E39D976F1C41,1474
AC43A0BA24E577375BB60876BC6D05A1,1475
AC5D90D52355FF6ED15E369595A9B28F,1476
AC600CCE29B2317B1C5D640D7F5766CE,1477
ACBE512E4EA4037F12A8449B192F8737,1478
ACDCFE8A2A4AFBF84D2D04A72BE647E2,1479
AD001A80F5AF29F9099BF8049D3A2A4C,1480
AD081A45F6C24773CCBF7EA5E86B3C62,1481
AD1FEDD99238C55849C6145716924B51,1482
AD5624655F1ACFE9D928774FBEC4354C,1483
ADA92EDD658B74A6E0A422288280B6C3,1484
ADC59CEDFC002545C3A73114C396890C,1485
AE202DCA1BEE08DDC2F31BF3862D9D14,1486
AE26DC7D74D9C79F2A7A35185F79EBF8,1487
AE391F5057D3AB41DA76AC2EDA46DB95,1488
AE7266C361A211B25FC93C6AF9DF07C2,1489
AE754CCD2DCF326B362552A0768ABF12,1490
AE7BF0DEC9DC320B26619D77146B376F,1491
AE98EDA503F9B59C118412BF46AD9BA4,1492
AE9C0D4BEAF615A34D22B0286A40734F,1493
AEB71AA8BAC317FC4F1C2BC7BE7A9DA8,1494
AF078B091D009D74215490C8C7C622A1,1495
AF48FEC80E34F3B5AF58D5F65B7F6B52,1496
AF4C22BFB14C4511493779FC6F84FF17,1497
AF6DFA3F91890BFB9045A6207327066D,1498
AF82769C784FEED23FAD019EB5ECAD61,1499
AFD622040FBB6E5C6D75A4A176459DF5,1500
AFFD2E1B19AB869A961246C9232D63AA,1501
B0099F7296FB53EFD90844C9B07CEEF0,1502
B00D0FF187006FA244822554E9FEFE9F,1503
B0192857C9060528E499B59A5A1F361E,1504
B0333EB6766EF9E1E849437591E371FC,1505
B03A849974EC470F79446A2FE42A8F83,1506
B05716C3F6E5B68556DBB8D51673D048,1507
B06AB0DDD264284BD8F78D052B6F251D,1508
B06C7DE02B4685A719A09C2DBB785F95,1509
B076C7C69C02FF36B6BC6261324520F7,1510
B0CB6AC426A88C39B76C64CB456D7605,1511
B0D73717FF8EF8A17CD7BBA2D8BD22CA,1512
B10AD5F0DD5ED9DE47468256BFA237E6,1513
B1208051A33CCBF2D8DDFBA5254ECFF2,1514
B15567FF94654476CD2A6BD5945DCB2C,1515
B1602EB1B8803CCEC2812A3BE57901AC,1516
B160C9626CE1208368650158F5B2BF83,1517
B16990F93B950C7F8D9CABC6EE9BDDF6,1518
B19C4829DE172DB75E7D243573BCD079,1519
B1F3B41D6E2A6D79F2560793E33A0C45,1520
B20C65C9FD750F6A1E000F01C2E3CA21,1521
B21349ACBC0C2CB2714A5E8CE7CAAA5E,1522
B23C82CBD9079ECB1D5144D4338D27FF,1523
B25E87D43637F00F394E3F4F76567E1F,1524
B26D26794A5AB0725EFB4CBE0F9F8D8D,1525
B279A9B6545D2852B4D818E751E4C3AE,1526
B280BE72C7DC0C18173066A9A388549C,1527
B2969C610ACC816E8CEF02A504BFFEAD,1528
B29C1535FF498997AD3EB2119F0E464F,1529
B2A0FE9AF486B1259F2445CAEC6268CD,1530
B301BE8A79DD2BAE512095CE244F2E0C,1531
B3061C630C30DE60571432E98D82E989,1532
B3246FFD68E2E7A937F9F2EBFAEBAB64,1533
B32B74897290D3E15954931B8831AF47,1534
B337CFB0C35E30E60DA42576B5533C3C,1535
B38482F1CDADB769D263DD0E6541F326,1536
B38CE68B65CA6A627205FA3CF977CB07,1537
B3A80F42D7F8922D850B22AF1CBDFF9F,1538
B3C7B1F04AA3E8C59A2F19B3AA661BA9,1539
B3DD03A4649000E0EA13125379CE4220,1540
B412A5B5DF2176035873AFF35323ECBC,1541
B42FE2A7B9084190F696D5DBD65A3C8D,1542
B4433675CFB649E3C738ECEE331B68DB,1543
B444398083A6C16EF7BC68FCE5F5BBD3,1544
B4476471EB83B0A24AE1F284F11BD393,1545
B44C311E99148C6312586C3590B44072,1546
B463653188FCF562CEEAFFCCCFA920D6,1547
B47B6932B33CBA856B95376A954B897B,1548
B4C3C4E4B650576DF1ACA9FAC8124A81,1549
B4D93CBEF8D8CDD5EDD2AF21B9E3B8BE,1550
B4F0CD732A0D1F5D7471E3C591FF736C,1551
B500FDAF85440994FA32B02A114C5B4D,1552
B50CAC10324D4206C74304BAB079D544,1553
B54B1C2437AC172CC1EE5DC242F25CA6,1554
B54F4B631AEE93D6CA83C1B12EEFF99E,1555
B5C7C3C7F0A783A5934C804845558B13,1556
B5CEC0F4D749199931DBEEA3E53D776E,1557
B645ADF827F4038A0EAA910747764624,1558
B65F35EDF41E484889A1BE2CAA3C3368,1559
B669AB0F1F7F8D20A622655679F68891,1560
B670CEF85F99777EF21712FB7DBEC04C,1561
B6868C84ED1A98316246130134163AC0,1562
B6895DE9B53A4D3DCB86C54C85A5DA3A,1563
B69E2AF568E1BCADFD990D81628CD086,1564
B69EB71941FEC03005A5F31EA58EB470,1565
B6AB74C037191093D90AE2B7174A17E2,1566
B6AD30768ACCAC002B4E1E393E8D1DA0,1567
B6AEF0E670AAE094DF5DCD43B211E164,1568
B6BEB81F246F19A5F0CF483DDD008DD2,1569
B6C88E86E1DED26FAA752EEC5F4A9DEE,1570
B6E45FC40B270799CE87506EDC91516C,1571
B723F9C73D58E48FE3B08231E04AA80A,1572
B731DF5ECDD3BE134846C8E19447BF96,1573
B73CA9B73DE7B2DDB3FBF304227B44F0,1574
B76CEAA216DE764A7436E580F78FCC80,1575
B770474ABB6A84C7CAA5DDB892AF74F0,1576
B7876BC43AFF5CD9FA07A82DA0713145,1577
B78D052C4F7EDF37E73C21E94F0870FD,1578
B7A0F7F19942CF579CA59BD15C7E84E5,1579
B7C03BBF2B8BB334E1DFAE5939D82D1B,1580
B7EAA95411F7348AD1E7938DFE41FFAA,1581
B7FC7C70A05B8FE993BB8BCFA5EC1D8B,1582
B80F7A38636E01DDDB6067036B2E938E,1583
B82B9D04D96F2CAA8D777ACFAB23EEA8,1584
B84447BCE96570957A1615467D9D58CB,1585
B84FAF64EB71FE39BB957EFA9598856A,1586
B8549F9E090F5781655753C562DC4D8E,1587
B85F78D79C252FD8A5A75FF837BCC238,1588
B868D90F41D1C2C3008B68B49046CF21,1589
B86F4549818D24B1790F4AD06E65D1B7,1590
B87DE5B200ED2EACF76FEB4465F9E463,1591
B8A9E05FF6F2A41AFC13D0B83A8AAF46,1592
B8A9ED03C342FE62893FC6228F87A4D0,1593
B8D3E8F0809B0FF26368935017004C04,1594
B8DB62BA91F31FDB97DE517DDACF503A,1595
B8F6DDBEA0A49C1241A33BA3DBDA84F1,1596
B919E18A127FC7F1B947FE8EE5E2B43F,1597
B951C0F0563BACA42B6E0FE66DAD4FF2,1598
B95915731506C800267120C8C1F7B4A9,1599
B972CCCA335D90041F5B9D8D1306BF5F,1600
B9735B8F3356E992E21923344884CCB4,1601
B994F23E8396F388FF048AB467678DF1,1602
B9ABD982E7936BA88C3F8BBF47DF9034,1603
B9ADCBF68822CC3F2318092F82C320DA,1604
B9AF3FD5D3EC98DD470A54DDF393EADA,1605
B9C5BF3A6580BA4A0F1FEC306AD9BC92,1606
B9D28D0FFE1FE29887586C677E36581B,1607
BA35FC3A618FA716D3EEF2F8EC2CE9EF,1608
BA3B2705B0E1EBC7846824EDCF6F4491,1609
BA40B72E57D7C78209B192617148E2EA,1610
BA5E7ED8C91884EE09FA1D14612BB57F,1611
BA7597B83EA2E658F1FB7B72C4584656,1612
BA7C2296ACD5E9BDEA31782923BFACEB,1613
BADBED1B1ED6E720598312984A60F22A,1614
BB11FCDC3D383D3195FCCBFFC01C8F69,1615
BB217B8931B33D1401E7712DD359B331,1616
BB2665F316DD68BE1CFDA9D635A82334,1617
BB2EA7B8B8C7DBE76C7287A784FCA591,1618
BB3D92A06B0E9E15F00015F68504E56E,1619
BB61671A9A3C8D0F0931049600A551B0,1620
BBBEC362F09019E6BA2F74241D0A7417,1621
BBC53CD63C4686D42C3F18A6F4818162,1622
BBF1FD76951D6C3665942903E68559F3,1623
BC064BBEFFABFE6E653AAB4DA10724EA,1624
BC28C0F8E8894D6CE98440EB9F996C97,1625
BC3AD0B6D107FEAF275D7742BC73267D,1626
BC912592AE551EBB56B3981D3720A19C,1627
BCB2BFE4D240082E79341C50F2AE2476,1628
BCC116550EA461FF343DB81BEC0BED23,1629
BCD3B5AB5E8AAB8B966FD12A3ADDCDC2,1630
BD281BDB712C5016B437D0FD36B0AD49,1631
BD282828D81318942296CE8A20D297E7,1632
BD29625B48354FA42E67BA1E017D9C92,1633
BDBCE1280A5CE44F94BCFA9E66BA3661,1634
BDFB9262269D64A1B4847BB2DA479E2F,1635
BE0BFB2B9CDB52E2F61F3E5763749F88,1636
BE107F9950FE94FD591091F750ECF252,1637
BE4B46915A4E1DEDEEA6DB288083C66E,1638
BE67C5B66D17D451FC5D0B32EAE85D41,1639
BE738F7CAEDBA8D882362C1672D54AC3,1640
BE81586BF794C33BCA3CAEA97EA0CC45,1641
BEA7416C5DA9D77FC9446C650AF7DE35,1642
BEBA6F416D5A794918B937A85F78822D,1643
BEC24500E457D893A2F3EE5170961891,1644
BECF91BF956F1F5247ED2A660FB23A28,1645
BEEBDBB20ED5F0FE2F9495858E9E4D62,1646
BEF47B84394E3C4B047B214621532FA1,1647
BF4CA17B70CF579BDE2B591FF2F1DEE3,1648
BF5285C84835ED0ED34A8101A6C81D65,1649
BF5651922A3FD35063839F335527DAAF,1650
BF7B5A5A1331566210EB35B530CBE195,1651
BF81447C9514D888F3591AAA169B8FCF,1652
BF89B5EC81CAF5F7F7CB1B77379A4CFA,1653
BF91D1AF8C2CB323525A6BD2079028F9,1654
BFC64549C26F6276928B5B997D3B1994,1655
C0010315F159D6D4004C01E268FF82E0,1656
C00A2E0338C9820585F72D418DC77D17,1657
C01D322F15027421DB218E898C1C1219,1658
C05C6A49FCD8614999F7E25163CAAB8A,1659
C065F7708953558FE7F59F8A2E8E4551,1660
C07A631B25FC8C6ED34C0A2A8081B40A,1661
C0A233EF82790A5BE25B88FF9E5F353B,1662
C0C022EBAA039BD1F2BB6E68785E7F32,1663
C0C6C560BE4784469879FADD4D10AC19,1664
C0FD2EEE25B8748DCB98D7277A7A1270,1665
C128AA70581DDDD9596F4AE05138651E,1666
C1660C3C2A9EF9337FBD57D5138A0F25,1667
C16C0B712B780869C7FFE7EAFE130504,1668
C1C9F65FACB56597F376BA8EF17473CD,1669
C1C9FEBFE3EBAFC1F0C878387F1D5799,1670
C1E7FC107678AB88280593F4C2215ECC,1671
C1FA20DAFA505DEB9A3A0155AAE68C65,1672
C22BB83DD87BB6CE53DE87918DAE2AE0,1673
C242DBA6A99CC8CD7A2226FB488B7C28,1674
C2617327D374F2E257FA756F1D24023C,1675
C271C13A75A03B954D8E89C4C3509C2F,1676
C2B631478D31260F27A31235609D88B2,1677
C2B7AEBA6D468AD3F51FECCDF00B2B85,1678
C2C3FF0EA3DB6088C7984A13633152A6,1679
C2D7AB223820DC377FE8ABA922284A87,1680
C2EF55BE20B0AB56F295911BB85AF322,1681
C2F543E93F9FAD511DE6D2B373671036,1682
C304D7D48D75CC85DA3CC4DDF5A6E327,1683
C3279EC001257E88B395B21DB6EDE0A2,1684
C32A5D2E9CBBBC1E426BB3630BE249DD,1685
C32E27BBC125F622F04FBCEAFF5EBD74,1686
C33C91317D8DE5454038114B1DAE0C6B,1687
C354118258B01F3D9C8B055BA323090E,1688
C385CC969FBDBB99FB6B7BFF3F8E4F36,1689
C3981B55835B5BB5034091657BB3330C,1690
C3A7240ED0EF3947B48111AB2DDE1938,1691
C3DEE85B6F31B560AEA8C364112F6BE0,1692
C3EB04ED08934C5ABB193F2A7AAF0709,1693
C3FA4AD3FAB0C48B4E54E7E3439DAF61,1694
C40C4CCB995482144696423933429DAA,1695
C40EC88286DA178A9AB4DA4494EC1CAE,1696
C44101782C3E752DA948D64D00496159,1697
C458392D43128348AF5646370B8D0D82,1698
C46BE316405EFC586CA76D5A04BAA552,1699
C481B3FBD05F597ED660233CBEC3FF87,1700
C48463FFA0905E21A04FED7D5A6F04CD,1701
C48CE12E038F210701BE647D41EB2229,1702
C4A8FDC376904970E74A5244442272D4,1703
C4C49F535A61A6D5FD2EC2A1E4513340,1704
C4D377BB22CEBA913B91A06CF6EAB4EA,1705
C4F41CF49B6AF0AD9C693855C5EFB659,1706
C507EDCB0E7F242BEB0B57F8CC29CEE7,1707
C5531E5B8D7A35496D747041D7BC75AF,1708
C566674B374D6A713C84F1F016339122,1709
C573781A65AAE00DE724723C3B947120,1710
C57924D974696E56E63762EF59538937,1711
C5D7EF25F7024A5C5BBCF8C08B1B961A,1712
C5DC1DBCC4D37F3700CB4AF7C4901E19,1713
C5F1C13AD04C908AAB73DC935559EAB0,1714
C636AEF263E97AE80890B1ACB1803E33,1715
C63EE7301BA3ABD2FBA635F896CBABDE,1716
C671084729406D3AB206527DBCCB05A9,1717
C6A4118F08ACDD78A558E029DE29B369,1718
C6CEF29B0DD1F7FD55841BC1B79F68AC,1719
C6D05CB73BA09902CCDC27C4B9D49A48,1720
C6E7F0FE374904718852DBF3A3AD291D,1721
C706D409F2DE173C87462684A1843CDA,1722
C707AD4D063023237D7D34B2128E3757,1723
C752F5C4C312E965FFAA710AE52DA907,1724
C76CDFAEA90F178ED11F3071BA2DCF10,1725
C772E715225FA12F149B9C29B7E5BC0C,1726
C77F13980CDFF4B63AA3AC7E77EF5592,1727
C7A7661FF898422692E813181AD33D92,1728
C7E6824CE703A989ABABEC5DF85D35F4,1729
C7FF0FC4C0E808566025864F6C76FE20,1730
C8031E2CC1A4A472B23152094BCA1682,1731
C82A08A5970C068EE766A3740EEA171C,1732
C86CEA91652EC08C2E4E3EB78D96C94C,1733
C87C9A878E7F14D58DA8392EAC270319,1734
C8A839B050E7893E2F0B36B3F8F9F9E0,1735
C8C4598EFB523EE821B024D1DAC739DA,1736
C8F76EFA2E229691BB2994CC307D0BC7,1737
C95386C7E7704A6CE982C68F70E31BF1,1738
C954A61CACA4B328BE665877A2D2646F,1739
C96127CEDFB5C8EBAA9AD98E79CBCF03,1740
C973549BFD02C5C7D84742BC34C953DA,1741
C97CC3D713D40D691770D9D08593979C,1742
C9B2CFEAACC02CFCD544CE010D51ABB4,1743
C9BB0CFAAE1592D5636DC7267AE5B577,1744
C9E4622CC554F320EF8CB031C217C72E,1745
C9EB8D683443BB766FD326BD8407F38C,1746
CA2873B1A3AACC0286AF118E3A11474F,1747
CA2D835878AD7CC10DD21161E4EE84F4,1748
CA405C5C0C8D3F79873AFEFC392BE7F7,1749
CA7315A3A12BF4DC8C9C887190D059D4,1750
CAA10A4A49F8E960794F9B99E6E66D1F,1751
CAA2B0CD9616143149C5BF51A0C3D312,1752
CACA6C844D7A0F77B08E08FB0F649F74,1753
CAD6650060F3E511C590A41AC4E086EF,1754
CAF77870FA0EA8D584CFB4E4A46B0FC2,1755
CB02A028AFBCC97145698B73FDE97044,1756
CB24F50D7ED28F36A6CE56D24598AC74,1757
CB272A5197D1B092038EEA6E12B370C5,1758
CB2B295DA50340FB5568D4E7F657A2B9,1759
CB3A0FE0C1C4291F570AEEED8812B240,1760
CB3A412A095BF20A82D72AD580A19ED0,1761
CB5279BE2992485FC58CEEF31241D08E,1762
CB8B893E94B36CE01DF9FEE383F2C736,1763
CB8C303232EBB9699B0670C3FB9AAE3F,1764
CB9B15C11B782903488EFB986EA2BF71,1765
CB9C2E1F77B712E26252B2DFF4338B39,1766
CBA4B29AAA7897B5C30E37FB333EB705,1767
CBC4454F27793873BC2E3A3ADBE03201,1768
CBD08F9F7A8E2A226A95695B53CE1B0E,1769
CBE4E4A797EE4948C6CEA350121D6D16,1770
CC0818BD234B3635C36D8D21419ECB54,1771
CC10A399D79471D7EB1F614BCA95D7FF,1772
CC18282D2CE06E75FC43245781AF1480,1773
CC3093C622DB4C97E8DB8BA105CC1D90,1774
CC3CC29A2E29825B244CA021E62C2550,1775
CC4D548DD6AB363D54318C866DD64327,1776
CC54255BB5BC49C6971976DB789EE69A,1777
CC7B4180483E74AA9EE99EB8BBFE6DD8,1778
CC8A4FC570BCDF501179593370F8C53C,1779
CC8AF2A48903C0AC6FC520002BAE63C5,1780
CC9EF46B2E4014CE5301C584260BBE2C,1781
CCEEDA1EF88A263F59F58CB31149ED2F,1782
CD258C11E877CF0E36769D4D94025352,1783
CD32E1DF488C39AF2D7309BE8D962670,1784
CD5BB5B06984C34B4E7F859A58496959,1785
CD5E984C3BC229EAAA3FF2A7D5C2392F,1786
CD747138F60E0723A9DF9980B5FDACD8,1787
CD7A9FEEE7E50202727CC83D854151B9,1788
CD7B06903C06B139EFE267464FFA3833,1789
CD9DE5C6501BE10EEAD4053B5662ED3F,1790
CDAD2BBAD26B073B1653348D54ADE239,1791
CDB46B518815CA655559EC3F4A96149F,1792
CDB674917A75AC6934F7C06A43494720,1793
CDB77EA08DAD3E8DCACA24790A849E6F,1794
CDC0428359FC00493C40E728E0E97A19,1795
CDD213D8E29420558BF49ECFE4E40153,1796
CDD73D857F40687AD75B028A3D27247B,1797
CDDC0F53389168C54710EE9D0C1AB3D7,1798
CE3542635004EE54EDE17FB08038A1D7,1799
CE38D780D10187DD047FDC3AE2267D43,1800
CE3A9D980E8E58E2C12E3D96D96DEFEB,1801
CE83879D1BDD639711542C6B0C2071D7,1802
CE872AE2FA78D1DE68FC133F3733E01C,1803
CEB9C563E30CB4B54EC8690E01AA19A5,1804
CED2AF25386A791CFA2EF74D0AB14A65,1805
CF0BFF28C6B41F3BC65E4B35A2D69C64,1806
CF2824A7790FD5A0AF3E5B31F8EE7EE3,1807
CF38E344187B9A4227B090A4E9565624,1808
CF798DC7C94F2603C6D61E624822D4E0,1809
CF97FD0A0EC2F950FC593C6E55F0CF2F,1810
CFDADD7B475FE2EE1DAC5D0519CFE436,1811
CFE393A49FF6EFA0BB003FDF2C97AEC6,1812
D03236A828C3F31B59BB98EEA479C24E,1813
D03F11630766FB91F5F25C8863A8718E,1814
D03F8F8DC11928D322EDCA98B84384E3,1815
D043F65FA3E8155F213E99E75957BD15,1816
D05040A8B148BF408CE32E952679F1BC,1817
D057082C2762D62D3B3E5AF5F0B38713,1818
D07056A1A30E8045E0AD122A72AE0C69,1819
D0AF404273674ECAE1981D6DB0EF6121,1820
D0F4846A6C4CE6F80419DD2D7A6D8D2B,1821
D105DCE5CC819896012EB4F6BDABA3B0,1822
D10D5D61D7CD7CBF95187624FB60E4AA,1823
D11CC35DA05D128C6845B223C9CBBAA6,1824
D148E47ADD84F353C7D7BE4EA4528FF1,1825
D1863195EC47D888C0D2FC744C4CEF1A,1826
D1952F701F06B1878A475DDC7A70DD24,1827
D1A3746638B488EA3D1AA580CA2371A5,1828
D1A84AC5E9F2056A36A6A7E2F8EB00EF,1829
D1B5B0FBEEAF5F2307B0AFD8D309AE66,1830
D1BDB5FEC9F3E3850E55C047C6C014D5,1831
D1D7FDCF00F8C062032AD21173C0B817,1832
D1FDDBF0281E966BE41F10F47D7693B4,1833
D1FE7C9C08BC00A0504895AB1B80AB06,1834
D1FF4EA45C8441F487E04904C687A300,1835
D2255D49ED5F56AC3449CF72715FFFCC,1836
D228EC4FA3AF5229E7D9679EAD95BB6F,1837
D2478F277EB6FC5EBD89D3B311845E32,1838
D25AF68292E09B54C013C92C02415DE1,1839
D26453A71BF46CE1D9BC698554E909EB,1840
D27A7234229526024E89D95A8E25C10F,1841
D28B995451999028F85A1D1365DB6A28,1842
D2AFF85ABD4B223B1F41BBEA76676BFF,1843
D2C00EAF82FA100BC88E2AA492E41989,1844
D2E0D5D61FB5D4166F5D69218183DBAB,1845
D302CF5A901FC14E5E46B866319E40A7,1846
D325A4AD9DDD322F32BACCB334A57914,1847
D34D9B05564EE3E231FF0014F37B2364,1848
D36DE4F94FB68E19C43A43EF642FFBCD,1849
D3A9DF640CEB927779ECF434D93BA177,1850
D3AE7EEF7FAD875A0709EEB3FF79C9E0,1851
D3C6766517C30755EC53D9A77D219F4A,1852
D3DA1F878709F694EFAC13287FD13BB0,1853
D409FBA803A3D7C53B2212D200D2B719,1854
D4425C4601237A6215FE4AF936CF6B6E,1855
D456B4C3AF717E6E6B5ED0D92F2BC691,1856
D45DDB575E9D76FB3CECA308B61AA6F9,1857
D469A42822EACF8A4D9C007FEE8519B1,1858
D476438DC1DEC7F2AAE5FA425862E8C2,1859
D4E601BE079DC9CF9C245CA1E70455D5,1860
D5078E4235F5FDD35EA9CBA93CE48F9A,1861
D5194DC7D5646CEBCA69E422EAA7EA9A,1862
D52775FED03AAD7B6BF59E3DE8EF76D9,1863
D545314A8F87AF2E4C5D4A0AC211A572,1864
D570C7B3BFD4433C2A10B150B79BF443,1865
D57FC695C1D5E3AEA4A123B2B0B3EF80,1866
D58CF21F4F18D4F52FEC1F9687A25F47,1867
D5D63EA2465EDAC01AB793091ED29AE6,1868
D5DC7CC851A4747261F085AC070732B4,1869
D5E152061DE8F0B84C380A16A97C13DA,1870
D5E560B66DF7784B67824A0424DF7B34,1871
D5E8B5D399397DE2991A561DC4E29A64,1872
D5F92E7165848B2B73AF93907BE1F283,1873
D6267092F7568DA777BB19688E1261AB,1874
D634F658F13C6A1B336FB68642DB7A54,1875
D6412A8F00411DF08B622B2646B910DE,1876
D6528C92B41F17069F127490A3F465A0,1877
D66E59F52D91A0E29AD3F22E2F933446,1878
D672E960E5D880856A740AD2619F6841,1879
D6A9C1C9E51B049F405228F6D5E2EF24,1880
D6F819F1FB3B414711B5AD89BABE69ED,1881
D6FFD25F6DB1209C22CA9F6B0481C225,1882
D7095180FE0607182A2ED25319AA0785,1883
D762E0882309F6F6B111461D409AEE1F,1884
D7A03DB1947D84AF7B4AE6056ABBAFEA,1885
D7BAD6B502A8447F44E8EEAAFA631F1C,1886
D81CBE68ECCD6A079D388A6417DB1B2F,1887
D8250C6F6C125DBA9225E45CE24EAEDE,1888
D8411BB68AFFC0DC6ABE747D1F5F5853,1889
D841A7DFDC50129DFE451CC3B556FE9D,1890
D85ACA1110FA38CCC9B488280C9BD231,1891
D876AEF8B8C4721D0806902E07367FAE,1892
D88BF6E0D01875C824C50ED24AC332D1,1893
D8B8C29F8A38394614DD1440762E6C3F,1894
D8CC158C765C18139E691D097B4E530A,1895
D8CED16A91724B1669EAB92B7BD1CBCB,1896
D8E976332574C068E8DE95F24A365425,1897
D934D3ABA3B632AD1D7AA232AD17AFFC,1898
D9A9944A1FE4EDF6B835FCE0F67488FF,1899
D9D02EAE757919B539041A49D9345153,1900
D9DB46916C443E4AEA6C55C6488913CD,1901
DA057C7393D52B51EE81B38FC34B392B,1902
DA183BFE94D852AFEF372D080E5081A1,1903
DA515DA006D71C6C9B6D3BD993D61D2C,1904
DA6993C3A8605BC79AB12C06EF6F317B,1905
DA957B99ED537BC2EC4F4ABFABFEF0CB,1906
DAA55912AD39BC35EC2E125349F89BEB,1907
DACD873E8B4D14509B16641A9619D90A,1908
DAEF6AD52074997EC5156AC74609612C,1909
DB09C05F674D29A2BEE4A68BEE7A4AA0,1910
DB49D5C389527E8150FFE83A2EFB5F55,1911
DB6A89FFE7D0C028DA87C1070A516167,1912
DB7A651EB8159B60CF8B1F2B82F954E9,1913
DBD83926F73DD373490D60C1FF5BE127,1914
DC10DE65875315B745378638184D36C5,1915
DC26C2A53C67F835CD11075F237E9A07,1916
DC2A3549F8C81B6FCD47C1B77143FED6,1917
DC2C6D57D5EC9B5F70DF3F1E2C8D305C,1918
DC39B024C6BA214DF187D04E4B6569DB,1919
DC3E75324C073B18B2C0A8188D10A122,1920
DC606CB9099A9605CBCF1BCEFDD5EC9F,1921
DC7743961B0FC47317F2F5FF0FEE85DC,1922
DC8E872D4799D52B904DE1ACF150AFC2,1923
DCC0A13CDB9A93AC8509DE91F5824797,1924
DCE61DB2837000EF4F50A2A51B9FB1F9,1925
DCF5C7B1DF8119A8AF1EA91BA0DBC76D,1926
DD01E5314343C904FD5850F43292ADD7,1927
DD0579D7415CD61BDD8D90D79D56E13A,1928
DD259EEC465AE582460B6D0ABD1BA38A,1929
DD3662C19832F6443BE3EE756D6BA9EA,1930
DD4B89C641DDE2882D4DD06FB417F797,1931
DD5A6E9548D3BA96B4B440CB9EF11A60,1932
DD6C82A8A8075ADD46025A5EC6C1D83C,1933
DD9490B164ABB3AE025F6481DEEAB87B,1934
DDC89239CC7C861E7C369575769DB3BC,1935
DDE53A22CBE8DB8662B678EC07D6EEBD,1936
DDF6768C1AE6E14AA3D1FD3B11CC1E26,1937
DE17657C3EA57B324CDE29551E3A7C12,1938
DE578B761C2B366EF1F52E0B733C583A,1939
DE788DE2ABEDA1C15815AC7B2CE57BF3,1940
DECFB7AA3DBA5729798105F242C8A58B,1941
DED0BDDEF036344DC643A7981100F4B8,1942
DEEE1503F7817FF4E0F388B3FCC1B09B,1943
DEFD42ED741E325AD7C04827B651325C,1944
DF008F06B2F3080FCE93E746D8F28603,1945
DF35F3850C7BE1F1841E1A40182520EA,1946
DF3ECC2C06771ED97B9177B03C37EDA1,1947
DF48C664A7C57699086DC6C162864418,1948
DF4CAB4596DD63378FD8548CF7AC24FC,1949
DF554AB36B835AECA4C7121F7954941D,1950
DF5F259DBF341075EFC9A7006E3BC8DE,1951
DF658EE4FBE93C5320C80AB58E1CDDC2,1952
DF6826DFBA83AD346851240285321938,1953
DFA4758420A95BF12BB439EA5F4A8E02,1954
DFBA4C7B513A640FA0EE59C6DBC2DDE3,1955
DFDABD637F1EC2908DD50B3AB91287EB,1956
E00CCDD69ACCEC26EFD7A8438F0D383F,1957
E0172E50A4892BE4FBE0DE09A3D89E09,1958
E04B3E3830D76D05CA61DB654635086F,1959
E091822D289FAAD35C08CAAA30DC1128,1960
E093AFA74DC75B65B61EAE89B94CBA74,1961
E0B1CCA8201D282EDF04DA2D700CA4AD,1962
E0D683C77A6EFCAB23A6546199F89E05,1963
E0DEFE24B982D1332555A7B74C8FCDE0,1964
E19A7596AFB25D53B9B1CDF521AF522C,1965
E1B4A98EBD76A2842FC72F8322E2A1CA,1966
E1B790BD6A2663686C69EA870CC5D24C,1967
E1BB04D7AB8EE60C394A9C4F0B891799,1968
E1CC742455AFA120EBB652DAD3F0C94A,1969
E1EADA0FDC1140C2BBD743355416BB80,1970
E1F2E23F90E8708207F8059963E33719,1971
E20CE64AD6F0E1A36086A5762359D59E,1972
E22A51DA3F91FD559DD2B8CA63CFA020,1973
E239024BE06F3BA71402DE0D43E82A53,1974
E2467A17834E4107F755BA1837C8F3ED,1975
E2879FF01FCAA6CABAB37BE537E86BA5,1976
E288032E4055D619A13D5FD563921AE5,1977
E312C0DAF9EB4B3B1A15E13C01E49F9E,1978
E312F7D3A019D0A14847B38E09A15EAF,1979
E35561DCFDC438FEBC4C9F3B7F21907A,1980
E38BB77BFB239E6E222005236B34569D,1981
E3F96E386308093704C92548B71226BB,1982
E423B6611E3B321593580533FCD7AC00,1983
E42EE08F22DBB40A5F36CA600C91267E,1984
E46D4877852FE5AB4575B2A614103FD0,1985
E4723AF39082577455919BC7E8E85197,1986
E4AA1156EC326E7B97DF1474A8DA9670,1987
E4C4C90D391B8398F4334E89EF4BC255,1988
E5061876DF16E02B651081F6CE952B0E,1989
E51907ADD2F13ABE86B197B0BAFB55E6,1990
E5367D467F84A6A6323740DDAF46523F,1991
E5875274FC12B3B2B191BB86329A9264,1992
E590578623F2C1092E781DBE685EC052,1993
E5905B462C154E7A4EDEA0E920FAD791,1994
E5B0587D60B49751929078CEA581A6A2,1995
E5D419E65A59972E75CB55952FB64199,1996
E5FBD57E22399C35F2DA8FE46373EB90,1997
E5FC977912AF88BBC802DA34648E9F86,1998
E602532499DAA979B31524A48C64A6D6,1999
E607F11779746DB4E53DB0EB9C440BE2,2000
E61CD24DE283E657827F0891C616DA13,2001
E623C5B0ED03AD551ECE9B17A8D08C60,2002
E659EF06A116BF4A16B6441E6E759296,2003
E669D640B1B18DA50F761CE5031C0888,2004
E66FDEA4B9C13C2D29456621BAEBFE3B,2005
E6803E21B9C61F9AB3D04088638CECD2,2006
E6C42C1F65EED21BB601EA726FAB7A26,2007
E6E1B54DAEA4C48C88D361B089ED8FD8,2008
E6F6C0D8DD88856B9FC4E1EA7059B1C3,2009
E70832895EBECA80D2EDF40FD46CB745,2010
E71CDD402C200D60A86D9F44248D6D2D,2011
E7246188B48BDF97896EC7A33E3B248B,2012
E745EB25A4A0BC85DEB37F981F122B76,2013
E76700250BAC5706FCB6830E3EFECE0F,2014
E76FBEFD988AEC80DB7ED42422271428,2015
E7DA95590D4EFF771A834F1B1846862E,2016
E8262BD12B27495D8740837910585147,2017
E83A7B6BF1096AAEF3DE83474668802C,2018
E875386811618CE942502DB8518052D9,2019
E8922FCDCF169795A8CD3568CB8C07D1,2020
E8B3B952839DBE5F90FC4352899360E1,2021
E8CBBA21B08F4E514358808C1C6FE5D9,2022
E92E37BE988F00EC21295107C1105CDE,2023
E94FF21294B9C4CB3F282DE7AC4F61CB,2024
E970B38552A3F221C44A087E59396123,2025
E9CBDE927AF0CDF010B09905C0CD76E8,2026
E9D539EF375B2E75F9369104C51F6FF0,2027
E9F1CCD97F2DDBDAFD184B07B3651634,2028
EA2B6A583C0028C3EC89B65CB6BDFB9B,2029
EA3E69096A53B08C17B56E71D2210F4D,2030
EA5EAADB4E22F3281E6A23D7AC59396D,2031
EA7B5F52ADCE6023979DFAF2F3FCC62D,2032
EA84A5D21B3F339A5CBC6E43961D4AB9,2033
EA919E7642B6AB7F19B49487871F90A0,2034
EB06E80BF3EF5592EFED071A418F0461,2035
EB1B7CC996F04907A860C50BB813E559,2036
EB5193CABC694D31EDB59BC51327F799,2037
EB5C5B856164783C6C6ED45357BD8E9C,2038
EB7F792FF9160AC7955031A572478170,2039
EB8C504251AECF1E267A64A7984A1686,2040
EBA0E7EDB576FE29DAEB5F27BE43E265,2041
EBB5F97F0DF188E6BB9532C9F6950173,2042
EBDB2BC6AF63A46B0A78FD513DC5009B,2043
EBE1EC14D1EA00E5235298814EA90E7E,2044
EBFC6DD50C585E81407B78C5D2F762D2,2045
EC23A1984FC1694FB6E09EA42D38391A,2046
EC24EB895C37068F98A4D00B7C5D4FA8,2047
EC285958243C56992508A2CF3036EF3F,2048
EC38F49295FFCD132F74ACCA5CEF9C78,2049
EC6D02D756D83CAAAA928726309FFCF3,2050
EC7083A4A4016CFB5CE7016D082C15F4,2051
EC9C455AB19381724E72570CD9FBD31A,2052
ECCEE47C9FF7FCBC559DC4B240AAD4AA,2053
ED3209D56E784A7499AB6E277D5097B6,2054
ED5E7415E36BC5E73FD0CDC9AC14AFAF,2055
ED7037A30FE33EB153BD345EF66C3C9C,2056
ED88198F33405B1F775F3F9608CCC98E,2057
ED9DA1CDFAD1BBA49ED94BF13A0B5377,2058
EDEAC8AC0C2A6B4690DA2FF9B7A5140F,2059
EDF718E7AB6CF7D63FD11C80335DF6ED,2060
EE5629ACCF0AB0B395A9DA42BFD980BD,2061
EE7AF60C028E87C258228FCDC30355FF,2062
EE8A7E2085CB5963E04588147DF0CE22,2063
EEBBB8395D839D5224D1F4B874653B04,2064
EEBE40847F7BA253417D4A2467906B0F,2065
EEF22C1F998E6AF0FC84A9A9B7EEB839,2066
EF0AF8179DF7E9524925A36783241C0B,2067
EF76D2B14EE4DE405F29253DD6C01125,2068
EF7D26E7558B9C79DE7C85D30E088D9C,2069
EFD2C945CF495BE133E0AAFB11994005,2070
EFE856952185CF39F8413C693732FC38,2071
EFEE03D0D1407B54C9E423CD00A49A63,2072
F0027FD9109E41B83CA5C193D13C07D1,2073
F029A9EB1D2024F18F73AFBA7F6FCDFB,2074
F06E9C46D78A085C158C5D66EFFD1511,2075
F07956C0853A9A87775C58FD317EC6F1,2076
F0A3BB2BF4D03CD8DEECCC5C35002FDE,2077
F0BD4C66A097868B5AF4769CCB5507B1,2078
F0F1102597EB940E68EF637DD18BF6F0,2079
F11E7391E8C9B71CD3CD4431A8B6AED6,2080
F12098AA6FAF93414FB58C5293A66030,2081
F12B80D186A0CA87E01A90C141B39AB3,2082
F133BBA4109D2818B915FF24E9AF6C5E,2083
F1343D53BF6D3B51537ABAE7AFF3C7A8,2084
F176BAEE5A909251569D1AB09CAC4512,2085
F1E4C04FB49AA142446CD8437D91E562,2086
F1F57BF05558725708736D05D0ECCE9E,2087
F24B6A37816274B929B59C3F7766163A,2088
F24CC9A57969EC3365238CDD9728D212,2089
F26700B45E31AB9A425604F5193C92FE,2090
F29BB07CD576F70D099D12782BFF1045,2091
F2D2DB8B5B85A1E6A9F72892CCAAC2CB,2092
F2D2E6C23E98FDC81709F00A0138A382,2093
F30226EA3397A6866C2B09730DEB82C9,2094
F30FC050D6827F9DC2ED11FE8BA016BF,2095
F37F279ED0AC3672E1EA792021618BE0,2096
F388399EC32968EBF2DFA8C45CE8FC53,2097
F3959B21EFB99061A12F2042E7DB60D1,2098
F3BADD3BB9F874C28E48AC255BD82D61,2099
F3E5BA5D6141ED115B12E131391888D2,2100
F3FF9ACB2EE45BC25F10C33F852D4FBB,2101
F41C38424C7A4CC3D6E28A2C3D17B342,2102
F4577FCA9DEE247EDA18DEB5F20EA514,2103
F464E45E326975598CE98589048DFBA8,2104
F4708A6A37BC0A39F238A8919D8DA370,2105
F4825C1E6E6EAA5B9D8DFDA822C56F78,2106
F48305FBDBCB41F81E6B2A4CC3C49C43,2107
F48FAC645EAAD96B22E739B9DC90C987,2108
F4D04C9D15502BAA5479C26B539FB080,2109
F4E183FA69016099764480B8D74FEAF3,2110
F4E8AA073911988D3B1498F10FC0FDAE,2111
F50E571FE5958D2A6E89B8EE8A103AB2,2112
F51567799EE8359EB034BDDBD87F3981,2113
F51B9A9AFA9AB2CE10E3C50F01265F33,2114
F53079BE6F35C116679726249D7F8348,2115
F56B52A76BB3D941B97F9D6FEA7BA798,2116
F57F2C60E648B9D991183019CB04B236,2117
F58143DC9CB901A3287768EAAD712916,2118
F593B885A96DC054D686C0AB8EF0244A,2119
F598718D416579434A554EC57586D87C,2120
F5A1F722F026C685008AE3926AA4B595,2121
F5A682B3941639FA782AC30025C4983F,2122
F5C44D984DDA743790CA0E5DDDF4812C,2123
F5DC15A642855C04E8DF945BE35C3B0E,2124
F5FA4CE70885C63C19474CB5B3824D63,2125
F5FFD9218C151FC33930599DA8F4A375,2126
F606D8223B23AB8B47CA859AE7A66728,2127
F614885D069A07FBA1E26DC68245BF17,2128
F626EF4B723A13071B5DF13FEE5CD769,2129
F62E9F67A3CFCA17504F8D3F4312D9BC,2130
F64477526BEE52021BDD380BD9AC95ED,2131
F6670CB0B81912E6EAB90C8D50132EA3,2132
F6701432FA47895C5D3EBED97AEF3E65,2133
F691704B79D94638D0A855E81ADF3137,2134
F691E53E63EBC3537242E67944CE8630,2135
F6E0C7DD8C02744260A5D141B9AA1694,2136
F6E6D63CD7848529F45961F00E2140DD,2137
F6FAD471BAC6778488AD83562A9B7BF8,2138
F710064827A964B1CF2F2A19058C8581,2139
F794C850EEE86C356585567E143B00A8,2140
F7DF065E6E52E4B9D10F0DBB5D877A07,2141
F7DF592D2EADFEF09BFCB0F52CE998FC,2142
F80030FD34058899E975C210CA29AE34,2143
F803A25CD2A6B827D2D06B06064AED39,2144
F81085B0F0E97A0FCA0798557A0B69D9,2145
F811B8A3CAA9D34B1619B4C921C35D94,2146
F84E87873F0754527CDE0AAEE4E1C3EE,2147
F8520D9D345F3A19567A1B69C1B61184,2148
F8672CC65A5DEF59260C3EFCCAC59C09,2149
F88BA2A1B03939E3954BE18EF47D3F35,2150
F89CE2D4BFA8A5519FCB46DC167D99B9,2151
F89CFCEE5FDF357050354DB131EE89E8,2152
F8A26B2D91FF1BFBD0C056AC59D9CF2A,2153
F8A3C69EC067F2022DE63CD4AAE30813,2154
F8B0EE361680F89B4E94809644537AEF,2155
F8EC720CA78412F6B0D755EFD5EADC3E,2156
F90B6B2FB629B84A865CC95E1944EDFB,2157
F95D5D5D37DF707659EADA92C34415AA,2158
F95E90C9764A4FCCA8FA3648DBCDBE1B,2159
F999E12963E4AD91B6FA718E46F0FEA5,2160
F9A060E5FCE62434A93EC855557B590C,2161
F9ACC14C0395C3C2A5DBDDFDF3CFA7E2,2162
F9E242B684968A856B6A78877D5E12D3,2163
FA160DD3B77490FBFA89AB0E1986B177,2164
FA1D6F9759DCD144865C40A066C4AD16,2165
FA30BAF66E37A872AE4D3A8B4441495D,2166
FA589B6076A1CE9895270F51C319E233,2167
FA8ABF9A003C842FBFA3E788BC5C396A,2168
FA92660FD0B89EC1C6084FA6FC9ECA38,2169
FABA0AA0F9BE33FD05E60620BD5FD6BD,2170
FACAC3C44F087506936423EC06B4B448,2171
FAD10D82CEBCA4C1EC500C65D7858221,2172
FB2FD9B096E7046C307212FCD9B94B30,2173
FB35286F1656492641D0E417FEB5ABC4,2174
FB5786508CCE779248CE8F6412C53CF5,2175
FB75277639188D8C8028E7D4F0532DF7,2176
FB7D669C318C69D7B746C44818749F12,2177
FB8257BAF8CF7BB7A61680E4606868D0,2178
FBA0B0DE0F7B23B463B8EE6877C5998D,2179
FBBA9ADEA123360650313F2D600AC519,2180
FBD8EF664060EF3E017CBA6B2771D9D3,2181
FC0C076EF7EDFAF1F88B5D154C5C4050,2182
FC3DC1B73708F0AE8B9342817394D771,2183
FC407B9DA0052919C5C27A52C0D98BC3,2184
FC5EFDF745AEB9472FAF166FC008AD38,2185
FC79ED9F75B5B845BB013A2111E07D60,2186
FC7FE9E4A9E19A0DCA856E211B456728,2187
FCAFEF5C4E8FB55225A7AB4AB530C427,2188
FCC3903FD4ABBD0EE0B5776D231C0D9C,2189
FCD2EEC87AB6428ECAF2648827759CD4,2190
FCEBFB7146769760D85A8BDF33EAC67C,2191
FD5F4C72FC2D738275BF02B1D59B0C44,2192
FD67A6259A9F64BC9E495A6CA461A2DF,2193
FD7042BA53271BBBACF74114697CD3E0,2194
FD7BB5DC187A188A8EFE66468A772CBE,2195
FD8ACF0961DF8898AE5330867D1D7DF1,2196
FDF83DA63D302DB4707E2990B09345BF,2197
FE2876783B4EC87D74726DB44B1AABBC,2198
FE35A01AA6248AD57C66B8BDACDD5308,2199
FE4C3CADB75731D29427B6EEB16C4339,2200
FE634C8BEBB94A15397E634C3AC83296,2201
FEA655D044277C9885391261E8CA3731,2202
FEAE060E6E11317D6CDC036C01D1E75F,2203
FEC256415C066A400363CF212AE844EA,2204
FEDA0B23D99158A0136BA7DB8047939C,2205
FEF74F17B5961130AD9FE02EFAFAFB7A,2206
FF004EE8E4DA1AD7E5C5620044BA4A10,2207
FF06A93AC6D288E43EED93E143FB7889,2208
FF368354E1ACA6421DC095DD4B27B29D,2209
FF3F7E9CA83F3FC5216EDD760702A62F,2210
FF4AD9F902898B4FC8AE7C48EB22013E,2211
FF555FDBD2D6C75DDF212EA6B6B6C2DA,2212
FF591B115DF5453178F7C34FAF550E3A,2213
FF947CC42E33FF29374D570C2D873283,2214
FF9A8B5D1F4406D402A0A3C788DDA2C7,2215
FFA2351D8EBE377A0291CED441BC466A,2216
FFB67C96F832596DB66234386AAD0905,2217
FFCB6768AD0A8B631ACD29355A31B50D,2218
FFD2FB33E3F30F4528A78BDFCE4B7A26,2219
