07BC056C83194D108DF9422EF241085A,0
093A6089003E7E21E4C63CED0D3EB679,1
153BF134C475FB882D0666251F4AD698,2
195E0C9BB7809C35B8131ACFF147A0A6,3
1E3586E82B75DFAAC37EA7FE4D8B1F19,4
2C924198326231F84C02DAD31522FA35,5
2D9DC863133DC9BC81E8A059E714F381,6
3013B031B1CE72FE1109A1ECFF9A96D9,7
3B5AB072233DF4976AB1E18A051DDD50,8
4145B9D88E5BD88131B7D2AC120E8820,9
415D4028900B9ACBCD4C4EA769CCD6DB,10
428F6CEAA53FBA9F977F5F314D229D70,11
43BDC088F2A8C8D0522D170C6F04EDC1,12
46DF31DF4CF6EA019E4C5A92A58D9F88,13
4873BF4F947D27049C66225F630B355F,14
4A0234139A014A1DC38F4A5243106323,15
6FE086352020A9D6C42C93875AF9F105,16
7F07FA012163DF34EC1E385DA214C86D,17
8869F029CA74D5E3F8D5AFB265ACA8A7,18
8A91F03322D8D2B06B4082946CE2509F,19
9BBDA88D4F8CF3900D90714CB115146A,20
A17472206419BF91512F492A39D6EF5B,21
A38B50952CF1A2E39B120F40B9CD9021,22
A93E938E3AE319A867923F7759485B34,23
B2344B535E6A16386E4767DEDF054145,24
BA503E4BE7971A9510AF5B3471433D28,25
C754A49F6A3F1E8EC704D2EF142B3D78,26
CFF22955C0CF6671196860C836594E7D,27
DBC7E4EB1DF15BB374DB063F33DAD1D7,28
EAF87F6B439798AD612156123627A0CA,29
EF5995668E550FD40C0A6DBF34DFEB6E,30
F5AC18348E12BAC425559567B398943B,31
F84FFE619392149018384D16BE6FF525,32
FBCEC38ABFEF9032473961A60D96FB68,33
FE2CEAE4FAF732A547536CD8C9024924,34
FE615EE9662530374E3C039106B2A98C,35
